trialname,Right_AnkleDorsiFlexion_min,Right_AnkleDorsiFlexion_max,Right_AnkleDorsiFlexion_rom,Right_AnkleDorsiFlexion_td,Right_AnkleDorsiFlexion_to,Right_AnkleInversion_min,Right_AnkleInversion_max,Right_AnkleInversion_rom,Right_AnkleInversion_td,Right_AnkleInversion_to,Right_AnkleInternalRotation_min,Right_AnkleInternalRotation_max,Right_AnkleInternalRotation_rom,Right_AnkleInternalRotation_td,Right_AnkleInternalRotation_to,Right_KneeFlexion_min,Right_KneeFlexion_max,Right_KneeFlexion_rom,Right_KneeFlexion_td,Right_KneeFlexion_to,Right_KneeAdduction_min,Right_KneeAdduction_max,Right_KneeAdduction_rom,Right_KneeAdduction_td,Right_KneeAdduction_to,Right_KneeInternalRotation_min,Right_KneeInternalRotation_max,Right_KneeInternalRotation_rom,Right_KneeInternalRotation_td,Right_KneeInternalRotation_to,Right_HipFlexion_min,Right_HipFlexion_max,Right_HipFlexion_rom,Right_HipFlexion_td,Right_HipFlexion_to,Right_HipAdduction_min,Right_HipAdduction_max,Right_HipAdduction_rom,Right_HipAdduction_td,Right_HipAdduction_to,Right_HipInternalRotation_min,Right_HipInternalRotation_max,Right_HipInternalRotation_rom,Right_HipInternalRotation_td,Right_HipInternalRotation_to
P01_Base_0002,-23.0024527838534,8.1399302634151,31.1423830472685,2.77642990776719,-23.0024527838534,-6.80545004068222,1.053778311659,7.85922835234122,-2.90108666267533,-3.20617237352114,-6.89598570585945,1.19707174286061,8.09305744872007,-3.07719678906237,-3.37355928797324,0.080679612101073,46.4071978917436,46.3265182796425,1.05334556649066,46.4071978917436,0.3178556521402,5.83424152580884,5.51638587366864,0.3735970504549,0.580628065188916,-12.482872306262,5.61218824888733,18.0950605551494,-10.5786308067031,1.55665905504837,-11.6729669756984,37.2642020202151,48.9371689959135,35.6217072782393,-0.438954285939835,-7.25294494735262,6.06982686240292,13.3227718097555,-1.96432057239118,-7.25294494735262,-3.44442809857237,3.46462128810081,6.90904938667318,1.62735795349431,-2.0449091345738
P01_Base_0003,-21.8810999501724,8.34312107775924,30.2242210279316,3.15152042886274,-21.8810999501724,-7.7417321861127,0.58123203873329,8.32296422484599,-3.10216743377032,-2.71774391532521,-7.768725739505,0.667310419020822,8.43603615852583,-3.28183463485486,-2.86367026020115,1.16292729631826,44.5133089295983,43.3503816332801,2.32769343464495,44.5133089295983,0.211029261165605,4.84669266592476,4.63566340475915,0.630968203772754,0.556307306243255,-11.3059232110641,5.84868474184279,17.1546079529068,-9.52741229395139,2.82258858594201,-12.1002370362256,35.8853051915613,47.9855422277869,34.8139630304553,-1.82942672338445,-6.81595805605629,6.69978845768025,13.5157465137365,-1.2438699704564,-6.81595805605629,-2.61712962237765,5.9846118331991,8.60174145557675,1.77024282985096,-2.31905246634502
P01_Base_0004,-22.7400934238358,6.8917296229675,29.6318230468033,3.10987849114245,-22.7400934238358,-6.9935347044248,1.52915270180721,8.52268740623201,-2.87752271546648,-1.97713053064394,-7.06776483745204,1.72679230519015,8.79455714264219,-3.05205975578591,-2.1107282633526,1.22172360164917,45.3432040553534,44.1214804537042,2.52789316757291,45.3432040553534,0.61156539148957,4.50380294225092,3.89223755076135,0.783738054040163,1.01708992826378,-11.704149401267,5.38519568128837,17.0893450825553,-9.47807185944416,2.71949342097282,-12.0564820859218,33.7143659925275,45.7708480784493,32.9613489455207,-1.28415634490073,-5.88825433516545,6.36174957547416,12.2500039106396,-1.37928186155853,-5.88825433516545,-3.4980823711813,4.38522668138898,7.88330905257028,0.897412239267973,-3.16812446830228
P01_Base_0006,-23.1914991073691,7.80672232758576,30.9982214349548,3.16543823930095,-23.1914991073691,-7.73966299175892,-1.10154093196004,6.63812205979889,-2.88701476583191,-4.74857341000997,-7.7519480766441,-1.18721563867254,6.56473243797156,-3.05975984417448,-4.91942853646995,-0.325978611026986,46.9502266413969,47.2762052524239,-0.25779323572264,46.9502266413969,0.264702154148824,4.71118274299714,4.44648058884831,0.272657329698865,1.17540827681795,-11.3788876378627,5.35222337158353,16.7311110094463,-10.5062454667406,-0.407253188974754,-11.6652981102808,33.1965875701207,44.8618856804015,31.3994976083298,-0.265940219862244,-6.18536820999251,6.00202080359649,12.187389013589,-2.17291578221423,-6.18536820999251,-3.54756465824662,3.92742965334136,7.47499431158799,0.0124046827615539,-3.10566159960157
P01_Base_0007,-23.0863334889878,8.05876967163564,31.1451031606235,1.70542728488067,-23.0863334889878,-6.96692258335882,-0.742168822248976,6.22475376110985,-2.808617480556,-4.39765907338634,-7.05100045995829,-0.797890033145655,6.25311042681264,-2.97949852730399,-4.5726064778255,-0.411873776793294,48.1856152744571,48.5974890512504,-0.337667093050138,48.1856152744571,0.33664285494538,4.62400776858387,4.28736491363849,0.345484701238375,1.22209717690367,-11.5567275953429,5.20693066773184,16.7636582630747,-10.7641284681481,-0.252795005198921,-11.460085882968,32.9319275709501,44.3920134539181,31.2037979032812,0.510160744850049,-6.74193430736895,5.83281595251083,12.5747502598798,-2.77120409810831,-6.74193430736895,-3.23028994885912,4.07543191105822,7.30572185991734,-0.323060623041554,-2.66544879154236
P01_Mid_0015,-21.296014865611,9.20248731582986,30.4985021814408,2.55692780792742,-21.296014865611,-8.90142850140222,-2.14995261521862,6.7514758861836,-3.28724695923294,-5.5053527893512,-8.82283301394849,-2.2947980111498,6.5280350027987,-3.4702261240381,-5.65362389790431,0.407619893693877,43.9021302596944,43.4945103660005,1.92007401823031,43.9021302596944,0.100631503050132,5.94599229137096,5.84536078832082,0.852602732039441,1.2902145244741,-12.5623518598012,3.48646739770443,16.0488192575057,-9.92087094149864,-2.23367969065481,-13.6961453132615,39.1060692248778,52.8022145381393,36.4113681424037,-3.97773424522347,-6.57151832650913,6.09474792568774,12.6662662521969,-2.20788658736211,-6.57151832650913,-3.55373094203296,4.37355009458336,7.92728103661632,0.814503933584836,-3.13226122702315
P01_Mid_0018,-22.1293473971252,9.27747636710652,31.4068237642317,3.66348209992199,-22.1293473971252,-9.26042069552592,-2.66243996828201,6.59798072724391,-3.4956429177585,-5.61557313291109,-9.15160529803179,-2.83091709086093,6.32068820717086,-3.6814686999994,-5.76678854390733,-0.450285356589946,43.8527287106803,44.3030140672703,1.86789177974507,43.8527287106803,0.000514982090178427,4.97841235097294,4.97789736888276,0.795894026568988,0.458376026947903,-12.379308445503,4.5782752252428,16.9575836707458,-10.7743863150429,-1.31053942572012,-14.5092275693851,35.936184207267,50.4454117766521,34.2726624337706,-4.18581376169341,-7.11607284058298,6.14047501258533,13.2565478531683,-1.98178969268961,-7.11607284058298,-4.2931960948378,4.09026236107368,8.38345845591148,-0.646975261615508,-4.07513544725354
P01_Mid_0022,-20.8887724934917,8.03954539759861,28.9283178910903,2.61943962841989,-20.8887724934917,-8.73652224418678,-1.94604389205304,6.79047835213374,-3.99132045906179,-5.22623395559179,-8.66929467497072,-2.08641301909763,6.58288165587309,-4.17803669545354,-5.39224477370208,-0.665808098046218,43.6187797867755,44.2845878848217,1.28707789139932,43.6187797867755,0.110695160061526,5.23422129056375,5.12352613050222,0.784616028150998,0.688960109129,-11.4479797758578,5.5947224846758,17.0427022605336,-9.8948441052862,-0.344072697772655,-13.8916592229245,38.383041545463,52.2747007683876,36.2140444968047,-4.35984384486659,-7.07476308537203,6.51010274776716,13.5848658331392,-2.32141386701794,-7.07476308537203,-4.27227948268593,4.53287473866149,8.80515422134741,0.557972231248793,-3.95015567113091
P03_Base_0003,-14.8764941569049,11.2546018951335,26.1310960520384,3.92635948348004,-14.8764941569049,-14.4201388292305,-7.72372071589792,6.69641811333263,-8.38086128462671,-11.3164393089683,11.6149181454245,19.2375954416952,7.62267729627075,18.434964132932,15.0449145419505,-1.90087976125515,50.513517178885,52.4143969401402,-1.90087976125515,50.513517178885,-0.531877581782814,2.47457701115712,3.00645459293994,0.686348756228467,0.567831786894894,-7.71761786272353,14.0733663871484,21.790984249872,-7.71761786272353,5.48061312293641,-5.75708921033994,34.7416666117511,40.498755822091,34.4439507387911,6.73408171599032,-6.56187972077515,8.73536295082041,15.2972426715956,-3.54959508655179,-6.55594468860033,-3.43989559388623,4.20203702473912,7.64193261862535,-2.08023804645376,2.96807760222964
P03_Base_0004,-14.0733577084023,11.6031384967354,25.6764962051377,4.04997787047096,-13.7262156103542,-14.3672528570517,-7.19438830415304,7.17286455289864,-8.28086914522721,-10.5211537202791,11.6735868907447,19.8919606135803,8.2183737228356,18.5549060993811,15.9398563350054,-1.71074466723989,50.6855924633891,52.396337130629,-1.71074466723989,50.6855924633891,-0.299476554823845,2.74883334214889,3.04830989697273,0.680706697271325,0.481364991423347,-7.35221790474127,12.8955554681903,20.2477733729316,-7.2051656816374,5.47053428993267,-6.18878748815145,34.4539629774059,40.6427504655573,33.7893961401253,6.16284103680648,-7.78788347916164,8.64218366995043,16.4300671491121,-3.75330015408956,-7.78788347916164,-3.8332903883783,3.48680893150404,7.32009931988235,-2.33366583674492,3.018948867473
P03_Base_0005,-14.8457298249066,11.1851348777229,26.0308647026295,4.24253635860285,-14.8457298249066,-13.7144837566183,-7.01645024852767,6.69803350809058,-8.18685031160353,-9.89112368834504,12.3725770128047,20.1101859317719,7.73760891896724,18.6685135776925,16.6521953307889,-1.15614611568425,50.7349146628087,51.8910607784929,-1.15614611568425,50.7349146628087,-0.199859245495234,2.89353427222256,3.0933935177178,0.867703218395082,0.716007429316127,-7.445151870492,13.3096199864198,20.7547718569118,-7.15001306257822,5.6620254151221,-5.77624699321075,34.5247751493305,40.3010221425412,34.0478629323641,6.6994322941115,-6.97037213156129,8.63654747083508,15.6069196023964,-3.56097671721728,-6.96605257929813,-4.27728812121094,3.59129345570744,7.86858157691838,-2.8275227924114,3.2470427142257
P03_Base_0006,-13.9418663950256,11.8541400670822,25.7960064621078,3.66933772104411,-12.9454045474502,-13.9908859543111,-6.66036063597021,7.33052531834091,-7.91564200910841,-9.87941448450788,12.0752745561401,20.5672643561992,8.49198980005903,18.9990034296914,16.6751399485908,-1.81679233131429,49.8200266594354,51.6368189907497,-1.81679233131429,49.8200266594354,-0.303111059511933,3.10117548949618,3.40428654900811,0.74426384533831,0.534094238102383,-7.61621883861939,12.1458693014756,19.762088140095,-7.41792854212587,4.78521107614202,-6.10565553353195,34.5430661029626,40.6487216364946,33.8145750388699,6.12919001307646,-7.20581933737058,8.56475286415895,15.7705722015295,-3.75191251524483,-7.19476880954273,-4.59675274710785,3.50412710710982,8.10087985421767,-2.76033187143907,3.18345418557785
P03_Base_0007,-14.8727297713082,11.7028981006449,26.575627871953,4.01796898483699,-14.8727297713082,-14.2679903175405,-7.19539111915678,7.07259919838372,-8.02488367156031,-10.1927958423946,11.7769108918258,19.8933310886178,8.11642019679203,18.8640506046919,16.3103793608829,-1.29351100168244,51.1060788336986,52.3995898353811,-1.29351100168244,51.1060788336986,-0.368772357191542,2.69186135205536,3.0606337092469,0.82344419464671,0.432786329285966,-7.06112765519326,14.0583970048721,21.1195246600654,-6.90537014112371,5.64444733088174,-6.03904907097156,35.3099023760213,41.3489514469929,34.9998476191,6.52403370644107,-7.17285101477262,9.19189961329136,16.364750628064,-3.697981410718,-7.17285101477262,-3.7847265628979,4.33575829676534,8.12048485966324,-2.41673982971436,3.47609683643669
P03_Mid_0017,-15.9756132113086,10.0043754541738,25.9799886654824,4.94719505334122,-15.9756132113086,-15.5028747917845,-7.09522247647373,8.40765231531081,-8.69328564010275,-10.120275792562,10.4819333003591,20.0210520325051,9.53911873214595,18.0660139165565,16.3923757234063,-1.53584498669736,50.4733316775925,52.0091766642899,-1.17611039847027,50.4733316775925,-0.419156557111662,3.00347870966995,3.42263526678161,0.644588820976028,0.0222892210748639,-7.99605337527406,14.3993555086255,22.3954088838996,-7.66969696075187,6.35696612735486,-6.99515705818822,35.4579124433822,42.4530695015705,34.7807830098244,4.77468522680048,-8.54871923964145,10.11591161106,18.6646308507015,-3.63707373350277,-8.54871923964145,-3.7399015344566,4.18900475690291,7.92890629135951,-2.48170166297984,3.20688854638422
P03_Mid_0019,-16.5357751480654,10.304262476826,26.8400376248914,6.38033025572172,-16.5357751480654,-16.1507292275667,-7.61410328752251,8.53662594004422,-9.3048096053663,-10.6604617420277,9.80125361172684,19.3873709826051,9.58611737087824,17.3441316413205,15.7804590062267,-0.95541165230708,48.9738432012953,49.9292548536024,-0.65371572320333,48.9738432012953,-0.432090557558344,2.90986647114861,3.34195702870695,0.732563576136301,-0.237251370521573,-9.20073021396213,13.8759619212969,23.076692135259,-7.36531534877692,5.93022051167791,-7.92147009014913,37.3902807292389,45.311750819388,36.0614927279436,2.77174310818155,-9.41273066998847,10.1251020987346,19.5378327687231,-4.35283455253838,-9.41273066998847,-4.05842579122888,4.04714982253234,8.10557561376122,-2.96822758162182,2.77710177002658
P03_Mid_0020,-15.9950813161344,9.22609461929317,25.2211759354276,4.83986436863497,-15.9950813161344,-16.0123861326568,-7.05101296509309,8.96137316756374,-8.90856565993875,-10.0778879708625,9.94341737816836,20.0690363596744,10.125618981506,17.8070641444843,16.4405418785387,-1.0966380853226,49.4262118068011,50.5228498921237,-0.452390490633289,49.4262118068011,-0.441284914769763,3.05012027406046,3.49140518883022,0.6920293113931,-0.23679827818175,-8.81637792565137,14.5874164846803,23.4037944103317,-7.98929376393308,6.59097303374211,-7.58273315339139,37.1041716230356,44.686904776427,36.1757320577849,3.21658210343691,-9.32138178705038,10.8869393160374,20.2083211030878,-3.97923993662114,-9.32138178705038,-3.95623318902989,4.57278613684793,8.52901932587782,-2.91173265462207,3.02574557027852
P03_Mid_0021,-17.3678307350816,10.1475333543702,27.5153640894518,5.52826751876797,-17.3678307350816,-15.3414003995694,-6.69167461948726,8.64972578008217,-9.22888321435717,-10.1541468887319,10.6411119413253,20.5128943442721,9.87178240294683,17.4317213440525,16.3489421483617,-1.16179323193835,48.0793520296834,49.2411452616217,-0.752247792222052,48.0793520296834,-0.572138565708178,3.00827578392331,3.58041434963149,0.600960006151138,-0.38861023832189,-8.71890746494584,14.6955315677422,23.414439032688,-8.01006698981108,6.48604726307434,-8.14040514287458,37.3631306256528,45.5035357685274,36.1020174481477,3.36820687304586,-9.13557420535554,10.5125860153183,19.6481602206739,-3.94296706844886,-9.13557420535554,-4.68739263678369,4.00986380655576,8.69725644333946,-3.53579863393366,2.99365047190009
P03_Mid_0022,-16.9650202202692,10.0669334353668,27.031953655636,5.55063193283989,-16.9650202202692,-15.5984327397271,-7.92174376470869,7.67668897501837,-9.13299163161898,-11.1683539037032,10.3729154138293,19.018368294239,8.64545288040968,17.5435535645019,15.210361910228,-0.871004915742225,49.4396358321363,50.3106407478785,-0.288666866536987,49.4396358321363,-0.380504959466284,2.85859748238032,3.2391024418466,0.66957980367711,-0.00198944318088962,-9.19286422330614,13.324163096479,22.5170273197852,-7.94446794235202,5.29185773301995,-7.68162663283749,37.4776122603129,45.1592388931504,36.5572811639803,3.44036016670202,-8.78092286602551,10.0773592595917,18.8582821256173,-4.68795212680675,-8.78092286602551,-4.71882227272551,3.84407203099236,8.56289430371787,-3.31612063954027,2.69632827048795
P05_Base_0002,-25.2174067318142,5.09629742243633,30.3137041542505,-0.268065085602262,-25.2174067318142,-5.32064011643302,-0.103014101598418,5.2176260148346,-0.552868626177373,-3.80772284445468,2.71209287308776,8.92064762378384,6.20855475069608,8.36155591286085,4.41934556672859,0.960397544650615,50.2070138738893,49.2466163292387,0.960397544650615,50.2070138738893,-0.355441319524699,2.39871965535103,2.75416097487573,0.116364227010961,1.18052504907751,-7.67672749619675,5.33593901354183,13.0126665097386,-6.30688046604582,-2.04585490684711,-11.8754569727221,28.9229171061147,40.7983740788368,27.3243265991005,-0.342692142205418,-7.86661382511477,7.916697890104,15.7833117152188,-2.85517952947925,-7.86661382511477,-4.47545268918701,1.55970926580645,6.03516195499345,-3.40333462524943,-2.80449474490337
P05_Base_0006,-27.3562561262707,4.90664857798135,32.2629047042521,0.227769352844103,-27.3562561262707,-5.60596244527303,-0.312995482169881,5.29296696310315,-0.762850006748836,-3.48472452188271,2.38464455947144,8.65415642120642,6.26951186173499,8.09506471028344,4.79389262816372,0.305548903534827,49.0674442715156,48.7618953679808,0.305548903534827,49.0674442715156,-0.435360271764952,2.57552257758696,3.01088284935191,0.142849408379269,1.56171190004284,-8.00591376542732,6.58101948749719,14.5869332529245,-6.33478375249035,-1.87338963256977,-11.0856283330888,28.9044361742011,39.9900645072899,27.4649014918055,-0.426913065754233,-6.52671991571411,8.77463906538004,15.3013589810942,-2.7176956923088,-6.52671991571411,-4.72191244992846,2.19565302482725,6.91756547475571,-3.54347171881127,-3.04309583080758
P05_Midt_0019,-29.3365423094667,5.37981741236698,34.7163597218337,0.721122252794786,-29.3365423094667,-6.5359108403921,-0.725554928524263,5.81035591186783,-1.17766497661082,-4.22121496935637,1.33217635408784,8.13720979840876,6.80503344432092,7.57532561728179,3.95700548251744,1.89070876821556,46.5359608556611,44.6452520874456,1.90522093145696,46.5359608556611,-0.373450530291173,2.79898955430475,3.17244008459593,0.263985172558362,1.77871306613549,-7.10672972050792,6.21951882465833,13.3262485451663,-4.80430204152818,-2.66734473323769,-12.0701090479343,30.7385398317276,42.8086488796619,29.0876460425696,-3.25507437314218,-6.16050085648061,8.65361056446818,14.8141114209488,-3.67501212396959,-6.16050085648061,-4.86112905141503,3.11322834944059,7.97435740085562,-3.49425219866205,-2.9576377774004
P05_Midt_0020,-29.6146926631283,5.03434722988553,34.6490398930138,1.27816233520441,-29.6146926631283,-6.6185666808938,-0.541037434484366,6.07752924640944,-1.15379986092243,-3.70199581857891,1.2408378605522,8.36799470453895,7.12715684398676,7.60470258560234,4.54344551410172,2.27373235335942,47.5512571424369,45.2775247890775,2.27373235335942,47.5512571424369,-0.38981360134245,2.78026621052033,3.17007981186278,0.139042785069173,1.91090474249012,-7.98147364195113,6.58757651406059,14.5690501560117,-5.5381820504253,-2.36993914779216,-11.9891139816874,31.0401348982793,43.0292488799667,30.6365276250395,-2.51386717819061,-6.74860643194491,9.36002613225792,16.1086325642028,-3.56090148943588,-6.74860643194491,-4.83684488399563,3.08388163886763,7.92072652286326,-2.77705042929518,-3.16645739178053
P05_Midt_0021,-28.7042902842273,5.49278440095134,34.1970746851786,2.08113200186711,-28.7042902842273,-6.20662043411682,-0.305205525718838,5.90141490839798,-0.951082585705174,-3.77221307344384,1.70304653901742,8.66981389754829,6.96676735853088,7.85964372068111,4.46398040661035,2.50231129729808,46.6613231899032,44.1590118926051,2.59013819557525,46.6613231899032,-0.295614656912232,2.69740751386048,2.99302217077271,0.459119667570347,1.85585995868145,-7.9405965675669,6.83583391804328,14.7764304856102,-4.95464187296125,-2.03382041037299,-11.9277058354282,31.3704636725401,43.2981695079683,29.9791725794707,-3.0258852318268,-5.90817458902622,9.32492315229819,15.2330977413244,-2.64975149676337,-5.90817458902622,-5.22984304516681,2.68097745930347,7.91082050447028,-4.17450455278655,-2.96123089880259
P05_Midt_0022,-29.1350311763682,4.68187134572442,33.8169025220926,1.46191134959126,-29.1350311763682,-5.77208943458077,-0.475683432720084,5.29640600186069,-0.92553795729904,-3.62290872688578,2.19843023481745,8.45188818299824,6.25345794818079,7.89279647207525,4.63366021988106,2.0923804770118,46.9203194999054,44.8279390228936,2.0923804770118,46.9203194999054,-0.480737126982674,2.86789825570701,3.34863538268969,0.245238529262885,2.0308633812153,-7.57181064160416,7.04975367514897,14.6215643167531,-5.89426503955437,-2.08361558574246,-11.8121704150267,31.2037710649695,43.0159414799961,30.265276646727,-2.29887325912537,-5.76096963656344,8.9464639182728,14.7074335548362,-3.13724373920591,-5.76096963656344,-5.13910255176881,2.65601902797979,7.7951215797486,-3.08721962531564,-3.2091537078139
P05_Midt_0023,-29.7161605108141,5.05143026654157,34.7675907773557,1.54910255083015,-29.7161605108141,-6.40161848571712,-0.693832219965611,5.70778626575151,-1.14368674454457,-4.24056969597684,1.48103302366241,8.1769594260316,6.69592640236919,7.61786771510862,3.91944360959397,2.00007599828843,46.7814649239957,44.7813889257073,2.00007599828843,46.7814649239957,-0.372845739371083,2.66855677276216,3.04140251213324,0.197211149304862,1.61598372815637,-7.97307150010302,6.60999235818598,14.583063858289,-5.8510879727689,-2.43454847846314,-11.607048608772,32.2246610490006,43.8317096577726,30.6238588123188,-2.64407229559598,-5.88583459124582,8.82033781984644,14.7061724110923,-2.96511456202177,-5.88583459124582,-5.18825328788191,2.73917307526697,7.92742636314888,-3.25901064144318,-3.258304443927
P06_Base_0002,-19.4231819908287,13.2864672262552,32.7096492170839,-0.399317829231675,-19.4231819908287,-5.36378448417083,-0.52517268829763,4.8386117958732,-1.0867542338258,-3.94236917559409,0.707621129344177,6.62903909812765,5.92141796878347,5.92016334998482,2.31719666791895,-2.06325480328659,53.0001293721288,55.0633841754154,-2.06325480328659,53.0001293721288,0.238039117874754,4.50173559624977,4.26369647837502,0.542778409358375,2.04689272558234,-13.7357455248899,8.4460021622954,22.1817476871854,-13.5886933017861,-1.26303870299484,-11.1268806307972,29.3122363583336,40.4391169891308,27.4294591250788,1.9472223727157,-12.0348154676165,5.60403529214375,17.6388507597602,-5.37979617948417,-12.0348154676165,-4.74864137621824,0.82444475408474,5.57308613030298,-3.55729992885489,-2.94306270907623
P06_Base_0003,-21.4785475527987,14.1309098068895,35.6094573596882,-3.0140656774123,-21.4785475527987,-2.57154972229384,1.12284138894823,3.69439111124207,1.12284138894823,-2.51168260649383,-3.19238082167811,1.47122322108205,4.66360404276016,1.47122322108205,-3.12061000021246,-3.19440321673044,53.7170028072137,56.9114060239442,-3.19440321673044,53.7170028072137,0.345050136425525,5.32613282007034,4.98108268364481,0.345050136425525,3.16533184610926,-15.6408159100274,5.36107391528748,21.0018898253149,-15.6408159100274,-5.51004991423153,-13.3262451053972,26.7553878227754,40.0816329281726,24.0293090244088,-0.426775587094175,-13.166633760697,2.82193397566593,15.9885677363629,-6.96328389290251,-13.166633760697,-6.32510613752701,-0.729315660366742,5.59579047716026,-4.11307050358194,-6.22206517165868
P06_Mid_0017,-21.5939351244795,13.1957334081655,34.789668532645,-0.13266328568758,-21.5939351244795,-2.87831341244022,0.699438488449623,3.57775190088984,0.660797888165334,-2.19858138797121,-3.55760199444404,0.909953248539266,4.46755524298331,0.859293102330136,-2.74333322324784,-1.65667288209868,50.5437098123247,52.2003826944234,-1.65667288209868,50.5437098123247,0.607368436553207,5.97743302024811,5.3700645836949,0.941125897130785,2.2540068856753,-15.7805075828345,7.09433819464122,22.8748457774757,-15.3371300529728,-1.90272059012458,-13.9419324729045,30.7593937606942,44.7013262335988,28.044743814082,-2.81570455093733,-15.3495216412745,3.44445656441663,18.7939782056912,-7.35729259650649,-15.3495216412745,-7.5510816137235,-0.2004436964304,7.3506379172931,-6.38801023098898,-6.26280990911934
P06_Mid_0019,-21.4917240897639,12.180742999786,33.6724670895499,-0.570039035298479,-21.4917240897639,-2.73754130581341,0.984967102464027,3.72250840827744,0.878341164065894,-2.56332888714893,-3.38839720241551,1.28707512340009,4.6754723258156,1.14586578800169,-3.17656470256754,-1.20539724053615,50.0405766769822,51.2459739175183,-1.20539724053615,50.0405766769822,0.577431550866035,6.33905566019749,5.76162410933145,1.02423515937497,2.22845443429812,-15.2359417656616,5.85944973619098,21.0953915018525,-15.0222974652412,-2.79420452443602,-14.3043827083423,30.9374022146213,45.2417849229636,28.2973469322735,-3.32941796738177,-14.6452787685234,2.71805556802459,17.363334336548,-8.07283159354697,-14.6452787685234,-7.26095858516151,-0.463715642703759,6.79724294245775,-6.26380736001596,-6.63254250681549
P06_Mid_0020,-22.0721244533158,12.834116674743,34.9062411280588,1.13078556096024,-22.0721244533158,-2.74613465435786,0.629878100048298,3.37601275440616,0.604639030866232,-2.56460723400962,-3.39935140196562,0.820152543722787,4.21950394568841,0.787390133072559,-3.17977475872768,-0.996698887519754,49.910442732172,50.9071416196917,-0.996698887519754,49.910442732172,0.541693023099966,5.67962034642585,5.13792732332589,0.997455758265574,2.01223890049514,-14.7292688424859,6.5823927359984,21.3116615784843,-14.2942628002342,-2.28979350531101,-14.3698184409355,29.8390587934288,44.2088772343643,27.9487571907377,-3.22579468938079,-14.6237379389721,2.97312321965545,17.5968611586276,-7.41855487992756,-14.6237379389721,-6.85385920810397,-0.238705936637839,6.61515327146613,-5.53085266316277,-5.8901323263857
P06_Mid_0021,-22.9593525089837,12.8839231263562,35.8432756353399,0.62806940989936,-22.9593525089837,-2.71139761638944,0.730116551715612,3.44151416810506,0.714862924843938,-2.16368337349345,-3.35678058773312,0.952345104778274,4.3091256925114,0.932209602722511,-2.70104158847793,-1.04660995287928,51.1737572897421,52.2203672426214,-1.04660995287928,51.1737572897421,0.460304848577654,5.69859246074503,5.23828761216737,0.982129135419434,2.30368882770099,-14.2787117298248,6.53256155919059,20.8112732890154,-14.0737741354288,-2.32613167351682,-13.8850381228988,29.5483586657349,43.4333967886337,27.4353965584041,-2.26077368637338,-13.6870955782326,3.51371347289645,17.2008090511291,-6.84978292743606,-13.6870955782326,-7.00873533279189,0.0854579065697901,7.09419323936168,-5.90389429492275,-6.0386478386732
P06_Mid_0026,-23.3249212852193,11.4931995423098,34.8181208275291,0.611239609631428,-23.3249212852193,-2.07117996622615,1.30162689051833,3.37280685674448,0.96765094144005,-1.76116594351477,-2.58885561008178,1.71519818360401,4.30405379368579,1.26328029058851,-2.20881533307335,-0.144354019171818,50.6101432631695,50.7544972823414,-0.144354019171818,50.6101432631695,0.732168546173778,5.62108823730376,4.88891969112999,1.32074352687697,2.58133987946146,-14.1883712582379,7.02397310547518,21.2123443637131,-13.9749272455375,-1.34623988743801,-14.5210543796196,29.6510086469095,44.1720630265292,28.0616135708413,-2.82204875344763,-14.7895944952622,2.59914515614755,17.3887396514098,-7.27083449944601,-14.7895944952622,-7.47445531344026,-0.8730859591282,6.60136935431206,-6.2823396867588,-5.82452192666251
P07_Base_0003,-20.9423027917012,11.128239548148,32.0705423398492,-0.687270590926889,-20.9423027917012,-3.16086529522974,1.48853979966167,4.64940509489141,0.805516055017801,-1.21762121160241,-3.83370503963949,1.92435802771675,5.75806306735623,1.03884650781978,-1.52257168512262,0.229840954272346,51.7822535693557,51.5524126150834,0.229840954272346,51.7822535693557,-0.732291502614446,3.03957168245823,3.77186318507268,0.144821441658743,0.355734565869227,-12.3866490350444,5.70722099562294,18.0938700306673,-12.1114926454853,-3.37641800421968,-15.5139214538766,29.3117666143669,44.8256880682435,27.5776614066063,-2.51984677317689,-10.9080085892169,6.66149891176543,17.5695075009824,-5.31472736604209,-10.9053397420095,-9.84960398780157,-1.87887609731732,7.97072789048425,-7.97269350537761,-7.58605938903817
P07_Base_0004,-20.9336581817199,10.119860148169,31.053518329889,-0.794812586695322,-20.9336581817199,-2.94363296968279,2.59326281753933,5.53689578722212,0.803262557861314,-0.252088203585669,-3.57343981224973,3.39557749216787,6.96901730441761,1.02725239607717,-0.310909088118768,-0.790597783042141,51.3517679943483,52.1423657773904,-0.328341777770557,51.3517679943483,-1.29098285384317,1.76819118568796,3.05917403953113,-0.25363656216932,-0.262996653219282,-10.9231423229863,3.81350726449849,14.7366495874848,-9.96864488817066,-4.00637657812677,-15.8596931451605,28.666164359466,44.5258575046265,26.4665671540237,-2.52463878296902,-8.56040998444669,8.73261363236116,17.2930236168079,-4.18082244214872,-8.56040998444669,-11.3756375973618,-3.40396782329491,7.97166977406684,-9.98515678188194,-8.29054543960254
P07_Base_0005,-20.57160029835,10.2188209568046,30.7904212551546,-0.959482490987558,-20.57160029835,-3.83990324169535,1.97594802989111,5.81585127158645,0.784284329960042,-0.629698014081352,-4.60331972735457,2.57544132819647,7.17876105555104,1.00255718166215,-0.769674171299264,0.0904302737266334,50.4995451989021,50.4091149251755,0.0904302737266334,50.4995451989021,-1.28458237058403,1.7122160066658,2.99679837724983,-0.283333384028935,-0.680249271194296,-11.598210847148,4.66650885880501,16.264719705953,-10.5041675092047,-4.19564258723718,-16.3268770553874,29.9134505835864,46.2403276389738,27.4534352364146,-3.45746542960849,-9.14884192035333,8.25081186240377,17.3996537827571,-4.38979790292225,-9.14884192035333,-11.7691376062304,-2.83576555791272,8.93337204831768,-10.1908374289021,-8.60362819799732
P07_Base_0006,-20.8135745510747,10.554004992325,31.3675795433997,-0.816256511747019,-20.8135745510747,-3.99614165142299,2.01146740309108,6.00760905451407,0.799978916974563,-0.487698255184376,-4.77428875758778,2.60323719053959,7.37752594812737,1.02275148599692,-0.610569888107778,-0.396406286038274,50.0823327988856,50.4787390849238,-0.396406286038274,50.0823327988856,-1.4962105095421,1.73114845313779,3.22735896267989,-0.28007918006265,-0.861788336286736,-10.9970587702079,5.25819700534997,16.2552557755578,-10.5318911767075,-4.07375341056379,-16.5272235552888,30.1733879022934,46.7006114575821,27.4092447576011,-3.57380447756867,-8.81739411330038,9.08788272292299,17.9052768362234,-4.7448552312593,-8.81739411330038,-11.8492798711129,-2.24253179480239,9.60674807631054,-10.5737233202358,-8.32997805567672
P07_Base_0008,-21.0413429545367,10.2158647870473,31.2572077415841,-1.09346402799425,-21.0413429545367,-3.67098500590226,1.57867972481115,5.24966473071341,0.738289603233083,-1.02823636789148,-4.41218287176853,2.0335541339261,6.44573700569464,0.944134299286896,-1.27840673481682,0.240436282214987,50.060666032555,49.82022975034,0.240436282214987,50.060666032555,-1.33283895210814,1.6992383410302,3.03207729313834,-0.389800936531879,-0.650089031494174,-11.1494605245166,5.02310409195449,16.1725646164711,-10.3962880498767,-4.91053354014442,-16.8993662398592,28.9351288853519,45.8344951252111,26.804053745906,-3.41694027585939,-9.01446365500611,8.49029793278908,17.5047615877952,-5.05566469920044,-9.01446365500611,-11.3083711206204,-2.94993534933431,8.35843577128606,-9.67269836186369,-8.53610454916637
P07_Mid_0016,-21.5501691207319,9.41201527139746,30.9621843921293,-0.193916448902957,-21.5501691207319,-3.62782449126646,1.6790407277524,5.30686521901885,0.813228080643137,-0.916197357405764,-4.3638350705867,2.16462661918521,6.52846168977192,1.03948292553172,-1.14163576180095,1.03960615208109,49.6981255020833,48.6585193500022,1.47006461251945,49.6981255020833,-1.51560609597745,1.65968701635585,3.1752931123333,-0.385289009440545,-0.972207381796761,-11.0719559325685,5.67462721674572,16.7465831493142,-10.5921487268211,-4.11786385686551,-16.9559690586709,30.4438695301025,47.3998385887734,28.565591012675,-4.27444753236815,-9.87732482610176,8.4520477983761,18.3293726244779,-4.92783921831933,-9.83856463053602,-11.1239523083091,-2.69906677977249,8.42488552853658,-9.89209407522162,-8.8249883780292
P07_Mid_0017,-22.3275600212475,9.09441571429694,31.4219757355445,-0.375462139226333,-22.3275600212475,-3.60058488817736,2.36082114095359,5.96140602913094,0.818950413240099,-0.481910824484417,-4.32968508956663,3.07779476927061,7.40747985883724,1.04735165423597,-0.599052046280807,0.14599766010388,50.0764911300668,49.930493469963,0.624515055733071,50.0764911300668,-1.39168242288824,1.77069479660616,3.1623772194944,-0.242648995987389,-0.773943266355975,-10.8515554856762,5.64131224284092,16.4928677285172,-10.0875985132383,-3.43693867566826,-17.60590230098,30.520756494749,48.126658795729,28.2542691606604,-4.16428247023598,-9.97810781705502,9.05374426053009,19.0318520775851,-4.9281614356998,-9.97810781705502,-11.5861657694895,-2.60884686372989,8.9773189057596,-10.2194571332765,-9.07478516228296
P07_Mid_0018,-22.0992327699109,9.67593576846643,31.7751685383774,0.0119444792137058,-22.0992327699109,-3.15273470435565,2.09900601192151,5.25174071627716,0.66603166362503,-0.382077007699205,-3.81535518769042,2.73289961815213,6.54825480584254,0.851349788386333,-0.467452104066378,0.532425564544276,50.434175777192,49.9017502126477,0.940492149502244,50.434175777192,-1.52661639555344,1.7177064005586,3.24432279611203,-0.363949822060086,-0.985464974656269,-11.4400018514549,5.61792209417347,17.0579239456284,-10.9601313250579,-3.50879405695766,-17.3561536421808,30.8215969181786,48.1777505603594,28.2345959995838,-3.94762204913927,-9.71153601530915,8.98355847685734,18.6950944921665,-4.90457359554122,-9.71153601530915,-11.4810665738636,-2.83202020850061,8.64904636536301,-9.70581789438461,-8.44790123362399
P07_Mid_0019,-21.8574288893501,8.74306719282701,30.6004960821771,-1.75266834659454,-21.8574288893501,-3.30930785107981,2.90529187916233,6.21459973024214,1.17534025605151,0.0411773516176851,-3.99724209295062,3.8269453001342,7.82418739308483,1.50670699245875,0.0605983850009157,-0.17030014099155,50.8449979871986,51.0152981281901,0.3350761639097,50.8449979871986,-1.47345605801933,1.75304770914544,3.22650376716477,-0.250703261700639,-0.844191997219207,-11.4126686936012,4.93322482235545,16.3458935159567,-10.1788488843891,-3.04685997988501,-16.8324447119629,30.5065897804337,47.3390344923967,28.1311873476641,-3.54092404193943,-9.07433626179334,9.51251994372961,18.586856205523,-4.79172639926096,-9.07005160316899,-11.7269567734527,-2.41467940130967,9.312277372143,-10.6003035495073,-8.33981827360235
P07_Mid_0021,-22.2822241295099,8.64295433868042,30.9251784681903,0.277299253099393,-22.2822241295099,-3.75487158850631,2.16687616522101,5.92174775372731,0.761785389219083,-0.3555562531491,-4.50813179504432,2.81603417874281,7.32416597378713,0.973475019291266,-0.441422753988702,1.05213267266878,49.6352641103779,48.5831314377091,1.7052535909368,49.6352641103779,-1.82859269892142,1.64421473244868,3.4728074313701,-0.251988588384852,-1.28744127802425,-9.82236656768725,6.40485071881545,16.2272172865027,-9.49177747005348,-2.44553646860308,-17.5732837060716,31.5848895704391,49.1581732765107,28.8838933433609,-4.36510584776,-9.8053684653184,8.91884660086142,18.7242150661798,-4.66808545826115,-9.79366724740397,-11.4265564310635,-1.32346054176802,10.1030958892955,-10.5159120719737,-8.08551054928672
P09_Base_0003,-17.6488729800622,11.9885352877838,29.637408267846,2.60729558275728,-17.6488729800622,-1.74389490323277,3.72117976085149,5.46507466408426,1.65755543361349,1.20089429819865,-1.7043376321075,5.31741519857287,7.02175283068037,2.51310315178058,1.95653200835789,0.223687783705747,47.8860657643471,47.6623779806414,0.683059210535601,47.8860657643471,0.409359957010764,4.62828985683289,4.21892989982212,0.409359957010764,3.32340399524362,-5.1755131045729,11.1101804046258,16.2856935091987,-3.79890524797838,1.26073206243637,-17.4310616920463,28.3872527296349,45.8183144216812,25.6889664318129,-5.42471499243817,-9.6494204574802,6.83826499547538,16.4876854529556,-6.90462784471808,-9.6494204574802,-5.28238382163782,0.83249985356656,6.11488367520438,-2.84573577969457,-5.04926149126792
P09_Base_0005,-18.3180003407337,11.2822968497842,29.6002971905179,2.29470608675912,-18.3180003407337,-1.78581442400866,3.97337007775681,5.75918450176547,1.39112183236018,1.26663770948377,-1.75372729400834,5.66854368828535,7.42227098229369,2.16970079215075,2.03294188623951,0.462057830762413,47.8574012260944,47.395343395332,1.02447416360324,47.8574012260944,0.464487212421178,4.73712373595509,4.27263652353391,0.464487212421178,3.39239854292573,-3.94483222700252,10.9743508971941,14.9191831241966,-2.33308573453786,2.29879519774902,-17.0101345874546,28.1801703714499,45.1903049589045,25.5663347102704,-5.33192290623978,-10.0882355244648,6.84029290701051,16.9285284314753,-6.42507271559972,-10.0882355244648,-5.68655303155488,0.555926898856832,6.24247993041171,-3.0556830947815,-5.29702187744532
P09_Base_0006,-18.0173396530688,11.1590737926961,29.1764134457649,2.25458025927687,-18.0173396530688,-2.02326364717021,3.77421900035505,5.79748264752526,1.61943041108739,1.09135555946755,-2.02977095044575,5.38540030032382,7.41517125076957,2.46272003357385,1.80510951799826,0.444625245026658,47.2386740244041,46.7940487793775,0.444625245026658,47.2386740244041,0.494274620621283,4.74147415636005,4.24719953573877,0.494274620621283,3.53236684181444,-4.80182361447685,10.9172433229591,15.7190669374359,-3.34554026801484,1.85597020742849,-17.0267144370623,28.7007922630478,45.7275067001101,25.445458927388,-5.59978838144301,-9.83775248947043,6.76438058050318,16.6021330699736,-6.58762320992584,-9.83775248947043,-6.19451454136013,0.988731541430728,7.18324608279086,-3.78427612420947,-4.89129213203234
P09_Base_0007,-18.4966297179971,11.3637367668466,29.8603664848437,2.12456404583252,-18.4966297179971,-2.29033288179234,3.13226856214378,5.42260144393611,1.43963196412304,0.40846907555079,-2.342508043219,4.47876230112283,6.82127034434183,2.2312743702305,0.923759179006824,-0.0891989860188931,47.0601310901901,47.149330076209,0.247960396930129,47.0601310901901,0.380271295275639,4.70117287763562,4.32090158235998,0.380271295275639,3.57922194802336,-4.75305309115736,10.4846810461508,15.2377341373082,-2.88048511591239,0.183194130320188,-17.5430740874169,28.5346782037704,46.0777522911874,25.7986295650148,-5.9136522201943,-9.58408494131793,6.95630262320371,16.5403875645216,-6.43436638895941,-9.58408494131793,-5.87335057217599,0.537238721303586,6.41058929347958,-3.56601547980303,-4.71164059653907
P09_Base_0008,-18.0612961348709,10.9193744921596,28.9806706270305,2.03933001072174,-18.0612961348709,-2.15929105093882,3.28974159730546,5.44903264824428,1.39635380371734,0.822390650662576,-2.19060857748978,4.69626324100193,6.88687181849171,2.1762528989626,1.45394876290502,0.155270067212759,46.3621707770139,46.2069007098012,0.155270067212759,46.3621707770139,0.444973054947,4.45742549886898,4.01245244392198,0.444973054947,3.27261992518419,-4.66021603693534,11.2868776340062,15.9470936709416,-2.91127445148349,1.27825436905,-16.9557494224676,28.4698795953559,45.4256290178235,25.6556382969251,-6.0673957184435,-9.96328540212452,6.49781762253577,16.4611030246603,-6.17351278331296,-9.96328540212452,-5.74121770554306,0.566155011339519,6.30737271688258,-3.6032345031592,-5.19413915179682
P09_Mid_0016,-19.2320728385251,10.5315316108398,29.7636044493649,2.8214786028138,-19.2320728385251,-2.12996297081377,3.83893752006241,5.96890049087618,1.36833145390783,1.00000558798733,-2.15677914362883,5.4627995329193,7.61957867654813,2.14015401133054,1.68271862741305,-0.344964780027392,46.3039878780414,46.6489526580688,1.19286447532918,46.3039878780414,0.632456379736307,4.42621798519466,3.79376160545836,0.632456379736307,2.93999146843207,-6.03445273149915,11.764768771751,17.7992215032501,-4.08180858090393,3.07561484884412,-18.2190174030775,30.245409734283,48.4644271373605,27.0904954016038,-7.0217656104452,-10.2830878148626,6.89636270622726,17.1794505210899,-6.8975259493427,-10.2830878148626,-7.34891386104371,1.25538297383389,8.60429683487761,-3.46815110998192,-5.17269618445514
P09_Mid_0017,-18.83809205499,10.3893088017739,29.2274008567639,2.55487057174096,-18.83809205499,-2.10802681785919,3.53749055354755,5.64551737140675,1.34635823232385,1.11263135974647,-2.13120358284281,5.03860314909068,7.16980673193349,2.11183258877979,1.82710506818547,-0.211802964034679,45.7193928760799,45.9311958401146,0.500036281273163,45.7193928760799,0.530529270071009,4.38408341416851,3.8535541440975,0.530529270071009,3.03022901387643,-5.9206346945498,11.3455679582892,17.266202652839,-4.06930271824604,2.50226649324622,-17.9313290435883,29.8940940420714,47.8254230856597,26.5135786781287,-7.23081784097134,-10.1066540849916,6.71533192328304,16.8219860082746,-6.8749545377508,-10.1066540849916,-7.31511303382879,0.746922473676502,8.06203550750529,-3.63231948676219,-5.21494430528066
P09_Mid_0018,-19.6012854816228,9.88886309516368,29.4901485767864,2.69345636256611,-19.6012854816228,-2.03046603545317,3.56706014729259,5.59752618274576,1.59708802756238,0.870827748779822,-2.04066738939335,5.08333919205552,7.12400658144887,2.43404563812982,1.51489830284846,-0.654077554541802,45.6022457224947,46.2563232770365,1.09135353935658,45.6022457224947,0.757824912892546,4.19407533920619,3.43625042631365,0.757824912892546,2.86578445935186,-6.21147428010618,11.3379545888034,17.5494288689096,-5.25422667121396,2.51759154868,-18.3091132367278,30.7368545748518,49.0459678115796,27.3210906182443,-7.58011668678454,-9.92353136904102,7.54065953071717,17.4641908997582,-6.55610552239876,-9.92353136904102,-7.40588999666505,1.76367883351176,9.16956883017681,-3.64561031672049,-5.04017927603411
P09_Mid_0020,-20.2636575331094,9.71382739770249,29.9774849308119,2.38173222814957,-20.2636575331094,-2.20104800767374,4.24942285086456,6.4504708585383,1.42554210961004,1.51339348150219,-2.23754207755841,6.0594558571029,8.29699793466131,2.21725523739805,2.35362316624427,-0.524608648040278,45.1639528073997,45.68856145544,0.947191100622966,45.1639528073997,0.599172611489024,4.1188099997759,3.51963738828688,0.599172611489024,2.83155449095055,-6.10803178054817,10.9568727173848,17.0649044979329,-4.30799490949287,3.59187216192752,-18.7252579333662,31.4569028679396,50.1821608013058,27.3355251497422,-7.51027758286336,-10.1855701456163,7.19744016634055,17.3830103119569,-7.62892768168906,-10.1855701456163,-7.10144397204318,1.64958632379933,8.7510302958425,-3.40097053908196,-5.09345180463008
P09_Mid_0021,-19.4125027180485,10.6229149788073,30.0354176968558,2.99513033298589,-19.4125027180485,-2.43313011360204,3.57633816386636,6.0094682774684,1.3393203782454,0.734315061843704,-2.50729007173075,5.10814269071428,7.61543276244504,2.10320841261456,1.34360942542751,-1.52201395172407,44.5482873516771,46.0703013034012,1.43636850355226,44.5482873516771,0.839969426598368,4.44759152284222,3.60762209624385,0.887739145382332,2.76879022060901,-5.78809242664466,10.7554238218889,16.5435162485335,-4.74682071747567,2.19750933699334,-19.418240769267,32.3798622082525,51.7981029775195,28.4717025408961,-8.22367947944936,-10.3288329315947,7.61055766530819,17.9393905969029,-7.21880209223817,-10.3288329315947,-7.85554693534973,1.37241295214601,9.22795988749574,-4.2636472226594,-4.51923121400143
P10_Base_0005,-18.5418505567322,9.6623292987032,28.2041798554354,-1.30213112271523,-18.5418505567322,-5.68828590912695,-0.148650336222501,5.53963557290445,-1.18668286793903,-3.98457757743825,-6.05091256437346,-0.156150688593683,5.89476187577978,-1.33850869754873,-4.32911024699562,1.35311827488233,52.6102867707701,51.2571684958877,1.35311827488233,52.6102867707701,-0.190321861630476,3.01678219457115,3.20710405620162,-0.0509175022975837,1.33367256664315,-9.04875932041105,1.67261944584093,10.721378766252,-9.04875932041105,0.837593542808618,-16.8901954311469,22.8017596825971,39.691955113744,20.4234532988958,-1.0840556278999,-2.80704154410739,10.3586927622261,13.1657343063335,3.18447654830486,-2.8066127722737,-4.85003092108103,-0.491501960874253,4.35852896020677,-1.40240043242466,-2.89482231461997
P10_Mid_0022,-18.7406458182062,10.0143784515079,28.7550242697141,0.73643379531142,-18.7406458182062,-7.15177215131989,-0.609211074037027,6.54256107728287,-1.82400184853793,-4.42347553204216,-7.47811099973475,-0.688306478758678,6.78980452097607,-2.03473936148182,-4.77973907998603,2.49431333018527,50.4079681053207,47.9136547751354,4.64574150032073,50.4079681053207,-0.15706127915212,3.43424411533212,3.59130539448424,0.228660610489564,0.663273421007762,-9.35885256522987,2.86305389306559,12.2219064582955,-9.15035852452007,2.11052414602931,-20.2510101282241,25.9961112674734,46.2471213956975,23.4140343672892,-5.43795944518364,-4.13360449735329,10.7511851649387,14.884789662292,2.06750522181847,-4.13360449735329,-5.54472917243086,-0.46851182285704,5.07621734957382,-3.00164350337191,-3.72692169820928
P10_Mid_0023,-19.9228594657299,9.51020943175063,29.4330688974805,1.32653871673828,-19.9228594657299,-7.32940354555108,-0.366120581543707,6.96328296400738,-1.67256366464849,-4.05846723929143,-7.65589276921968,-0.411355490070913,7.24453727914876,-1.8722426133395,-4.40472822045122,3.48808199542751,48.4175942258764,44.9295122304489,4.56828355608161,48.4175942258764,-0.0692995171650488,3.6092089318924,3.67850844905745,0.262799267522099,0.363474578001906,-9.28058484192038,3.68051186810377,12.9610967100242,-9.28058484192038,3.01531004210072,-21.3041048304857,27.6754672132404,48.9795720437262,24.8095812989403,-7.42782361332269,-3.70747160323978,11.258038742076,14.9655103453157,2.55155812547964,-3.70747160323978,-5.33058576480099,0.551195180771818,5.8817809455728,-2.70175841181816,-4.2228271328806
P10_Mid_0026,-20.5825563939194,8.33606945175899,28.9186258456784,1.02362000316534,-20.5825563939194,-7.06544101224415,-0.209691893885224,6.85574911835893,-1.41042077611234,-4.14792057781734,-7.40323564571024,-0.220179806737162,7.18305583897308,-1.58578844082446,-4.49127612913259,3.71811995240324,48.8804180001477,45.1622980477444,5.26540716408168,48.8804180001477,-0.0944337769645204,3.69535743769652,3.78979121466104,0.255749811104356,0.351368339522393,-9.40475737753746,3.87153381217214,13.2762911897096,-9.40475737753746,2.8445144932392,-20.9662101394703,27.6211309914961,48.5873411309664,25.1068834770259,-7.59214560370571,-4.51397531581178,11.532717753662,16.0466930694738,3.23822645880228,-4.51397531581178,-5.27753241744603,-0.343312478368197,4.93421993907784,-2.87718816974364,-4.02300010760676
P10_Mid_0028,-21.2786696887231,8.22712916392003,29.5057988526431,0.753326525991545,-21.2786696887231,-6.9653161907315,-0.200673651981713,6.76464253874978,-1.45195236207707,-4.47498364327606,-7.30560750115683,-0.220889058685216,7.08471844247162,-1.63036420493333,-4.83462679879455,3.14150123922195,48.463062012317,45.3215607730951,4.15183383699095,48.463062012317,-0.11512668420503,3.94382924466508,4.05895592887011,0.282445986719471,0.289068880402044,-10.4093500163256,3.36349419848188,13.7728442148075,-10.4093500163256,2.10965421427327,-21.2636948868352,28.2508007072081,49.5144955940434,24.7039891631012,-7.152198430924,-4.21218423404754,11.5471756098748,15.7593598439224,2.60827853146433,-4.21218423404754,-6.72595165253668,0.194661944103742,6.92061359664042,-3.76571970141077,-3.63619408658418
P10_Mid_0029,-20.1476949345573,9.10139465914507,29.2490895937024,1.19772114148953,-20.1476949345573,-6.55700220627335,-0.186037588327599,6.37096461794575,-1.75635525886358,-4.32837550582149,-6.91151323506552,-0.200407582318113,6.71110565274741,-1.96329422546093,-4.68238642463341,2.66110258325334,48.4765503714286,45.8154477881753,4.37536813535135,48.4765503714286,-0.143200339920383,3.77265349934114,3.91585383926152,0.298899144226175,0.260995224686691,-9.50799983918544,2.84659927183299,12.3545991110184,-9.50799983918544,1.61794214094134,-21.8826441717831,28.2796347693693,50.1622789411524,25.1330164185065,-7.74921682722109,-4.7369581867808,10.6515062240228,15.3884644108036,1.60344177057722,-4.7369581867808,-5.68549568340716,-0.977322645200348,4.70817303820681,-2.71350176535314,-4.54512636209722
P11_Base_0004,-19.6557358610433,8.54608133432826,28.2018171953715,0.0467266637493272,-19.6557358610433,-3.13135901795036,3.34437758802093,6.47573660597129,0.566889838684811,1.32450619778054,-3.53875373441963,4.42931920174742,7.96807293616705,0.745983813927539,1.92197398177673,-2.96175916798614,50.0405432519386,53.0023024199247,-1.97907322325462,50.0405432519386,-0.799761526478989,4.09349442334798,4.89325594982697,-0.354299484463618,3.43875863035784,-10.3004802288921,7.79501920274274,18.0954994316348,-8.65172260089789,-0.951985643482109,-13.7288349691342,24.8685306853788,38.597365654513,24.1691844068617,-0.351145224008303,-7.47168556407836,10.6066839466258,18.0783695107042,-2.04286347145109,-7.47168556407836,-7.64176407479935,3.06287770184314,10.7046417766425,-6.58318189942477,-4.89616608267001
P11_Base_0006,-19.5159201432075,8.41812451317865,27.9340446563862,0.876734900863092,-19.5159201432075,-3.36808132271219,3.00981430233476,6.37789562504695,0.617227260891025,1.30987485303919,-3.82144510268152,3.96472566163162,7.78617076431313,0.809716537425391,1.900868394912,-3.17530155363359,48.5627566108939,51.7380581645275,-1.99280092858578,48.5627566108939,-0.845775447119584,3.57691715881737,4.42269260593696,-0.236702745021148,2.97190248286035,-11.6974237840248,8.68157198478087,20.3789957688057,-9.69242067113852,-0.155161823118964,-14.1697486908349,25.5130710002273,39.6828196910622,24.8137247217102,-1.61866781887195,-8.03984056419617,11.1694914320979,19.2093319962941,-2.1231598592146,-8.03984056419617,-9.63161816805891,3.56563201304095,13.1972501810999,-8.61414823686831,-4.05660859665735
P11_Base_0008,-19.480837615358,8.75819165814433,28.2390292735023,1.44401741737293,-19.480837615358,-1.84435435659022,5.59753825782727,7.44189261441749,1.30110551757744,4.42359665675986,-2.23419496000435,7.39522810634447,9.62942306634882,1.62897902938314,5.75374731867482,-4.69979904750347,48.2011400522179,52.9009390997214,-2.63852981025484,48.2011400522179,-0.85527733249296,4.49366211118498,5.34893944367794,-0.288699182807359,4.03536172647701,-12.047890862016,10.7706963667278,22.8185872287438,-9.37755712802882,-0.0417492924418518,-12.6681887675616,25.7758766370924,38.444065404654,25.7758766370924,-0.294849111870829,-8.97016808359137,11.043683536607,20.0138516201984,-4.16672340122034,-8.97016808359137,-11.1326464982298,3.55300924528464,14.6856557435144,-10.5171547652433,-4.93870145917002
P11_Base_0009,-19.8291338556066,8.70470794154477,28.5338417971514,0.677709964686222,-19.8291338556066,-1.65748952698657,5.70048812347958,7.35797765046616,1.33754987260914,4.11747243149638,-2.0108802422879,7.53927652840457,9.55015677069247,1.67561331666031,5.33315265232056,-4.3774060910526,49.3652749819341,53.7426810729868,-3.54479462656898,49.3652749819341,-0.863148822461238,4.52485444066512,5.38800326312636,-0.447384750434051,3.81539517874723,-11.3677416452753,10.3388783755961,21.7066200208714,-9.25037684943001,-0.399956731379038,-12.301934701132,24.9018224256461,37.2037571267781,24.9018224256461,0.143818964001649,-9.11859115322758,11.0395363639547,20.1581275171823,-3.46915464340676,-9.11859115322758,-10.5576233725837,3.14610962129638,13.7037329938801,-10.2863309261544,-5.23384943199175
P11_Mid_0017,-21.129248552868,9.37128021335249,30.5005287662205,2.38095663333831,-21.129248552868,-0.895068399491088,6.51599563289502,7.41106403238611,1.70751637319785,5.45558318801867,-1.09128358165108,8.72995424500804,9.82123782665912,2.14762604189103,7.20577425381361,-2.23733371186392,46.9973755391979,49.2347092510618,-0.10557995011941,46.9973755391979,0.152986337245637,4.20705478203364,4.054068444788,0.426835276378493,3.43613542426779,-12.2722573257648,12.58072052595,24.8529778517148,-10.3775475246715,2.56610779679539,-14.6955856963143,27.0592740862287,41.754859782543,26.8034387928537,-3.64171602396061,-10.2651410180349,9.75382635171013,20.018967369745,-5.51096868450916,-10.2651410180349,-12.7829774061349,5.30670089411012,18.089678300245,-11.2616038165243,-4.02033385474818
P11_Mid_0020,-20.805131259846,9.38648029039882,30.1916115502448,2.32257579419441,-20.805131259846,-0.922684706671895,6.10285453042288,7.02553923709478,1.74637911471305,4.98246238291926,-1.12536845083667,8.11394916662847,9.23931761746514,2.19727518113085,6.52351485049514,-2.77250038754715,46.9148194073374,49.6873197948845,-0.224792796076703,46.9148194073374,0.149149301417655,4.29871586126856,4.14956655985091,0.44500468241909,3.26720371024986,-12.3038813710796,12.9236515160315,25.227532887111,-9.81168962380618,1.97219589263241,-14.6940514056659,27.897151787751,42.5912031934169,27.519023424448,-3.87731167722372,-10.5650574569073,10.222185950938,20.7872434078453,-5.84187620820189,-10.5650574569073,-12.8859008216511,5.0845945550567,17.9704953767078,-11.3940364811599,-3.49994083783117
P11_Mid_0021,-20.4091149134635,9.58285857302443,29.9919734864879,1.87320547736608,-20.4091149134635,-0.824179292150383,5.86208958209609,6.68626887424648,1.82708041562058,4.79850729542191,-1.0053905924789,7.76853913511888,8.77392972759778,2.30152423312985,6.26701868928528,-2.38838100502861,47.0646717775019,49.4530527825305,-0.462679613791428,47.0646717775019,0.082315053955849,4.21462757572822,4.13231252177237,0.278834055938768,3.28584962378849,-12.1755538348863,12.3259367037436,24.50149053863,-10.1800006482426,1.30924878286653,-14.5338781543452,27.4418563758494,41.9757345301946,27.0112900051454,-3.579613663344,-10.2595598838766,10.1530299685402,20.4125898524169,-5.93514716374522,-10.2595598838766,-12.5755863531415,5.03711966304679,17.6127060161883,-11.2528141045743,-3.68214879849383
P11_Mid_0023,-20.8564730722743,9.45901777948309,30.3154908517574,2.25564202243867,-20.8564730722743,-0.639822655911818,6.77569228410881,7.41551494002063,1.77862191919779,5.66551184256846,-0.780120994504504,9.10162922835505,9.88175022285956,2.2383112349944,7.49445087158844,-2.76163317309935,46.4522382078592,49.2138713809586,0.153217459160155,46.4522382078592,0.0781353922508867,4.39524747505577,4.31711208280488,0.50007802279355,3.492206423248,-12.5564735035916,12.5205490168197,25.0770225204113,-9.80143205925412,2.31705519278454,-14.6720187156077,28.3242239787965,42.9962426944041,28.030917143125,-4.15194873880737,-10.6126677419156,11.0214460773589,21.6341138192746,-5.07995278631039,-10.6126677419156,-12.365420830067,5.52650859682135,17.8919294268884,-11.2923339258607,-3.38381521626578
P11_Mid_0024,-20.6427508622859,9.44192742540679,30.0846782876926,2.67370336134313,-20.6427508622859,-0.522400092021801,6.21889961662603,6.74129970864783,1.85129202675401,5.19065028901913,-0.63522647850008,8.29026652101827,8.92549299951835,2.33181710153091,6.82359088879875,-2.77235796226127,46.5834251476397,49.3557831099009,0.398379237419317,46.5834251476397,0.16052575044164,4.41616991878929,4.25564416834765,0.539236935737031,3.37876876679085,-12.2519863995607,12.6220206587745,24.8740070583351,-9.83291583794658,1.88133956853504,-14.5428000344927,27.9178583543764,42.4606583888692,27.6827781769819,-3.89908685482879,-10.3226737742073,10.8254796776761,21.1481534518834,-5.08978090323583,-10.3226737742073,-12.486228034878,5.54455593091269,18.0307839657907,-11.4891241245485,-3.19618045616241
P12_Base_0005,-15.6012452273129,15.8284399511039,31.4296851784168,6.23177530019513,-15.6012452273129,-9.15437080518979,1.43797316670071,10.5923439718905,-4.56374963394751,0.207660130267132,16.8748272137085,27.7439157178016,10.8690885040931,21.3220673704944,26.3542049658092,4.32603330043958,50.018236686423,45.6922033859834,4.32603330043958,50.018236686423,-0.828409060829208,5.13175584467341,5.96016490550262,-0.756962508451602,4.99921531871761,0.447493609649583,14.7129142381006,14.265420628451,3.28001622740102,8.33059435647864,-8.36877570721726,34.6644686027377,43.033244309955,33.995117054797,3.80719003042803,-8.06086981613888,11.8084713516112,19.86934116775,1.23169130245853,-8.06086981613888,4.33008386656919,11.7873926211913,7.45730875462213,4.80092993194284,7.31690492272219
P12_Mid_0018,-15.6975883223379,13.8133259452163,29.5109142675542,7.66566007241418,-15.6975883223379,-9.50464686249479,1.71689607676809,11.2215429392629,-5.47046713782442,0.862588992937668,16.548829433272,28.08497455165,11.536145118378,20.4191833483508,27.1086575888928,4.26931474900472,44.5500678984516,40.2807531494468,6.13387819004035,44.5500678984516,-0.643361654869487,5.04972377158828,5.69308542645777,-0.326993273197251,3.77872745142596,-0.559122526879958,15.223419358504,15.7825418853839,3.56694864214638,9.69767362830593,-11.1969398950741,40.8138687758414,52.0108086709155,38.7043365804898,-0.353997216268635,-9.01976253157764,12.2675094345787,21.2872719661564,0.157515554078188,-9.01976253157764,4.54312453454562,12.384800114701,7.84167558015542,5.17818529183047,6.77145950609545
P12_Mid_0021,-15.2520862996439,15.2413057697115,30.4933920693554,6.78049287274196,-15.2520862996439,-9.57784238330004,2.45247955278573,12.0303219360858,-5.43134182968318,1.63114349278297,16.4812781124514,28.9223610270266,12.4410829145752,20.4591020950428,27.9698794154027,3.80604275235352,44.4245862652984,40.6185435129449,5.47852929632612,44.4245862652984,-0.888182205151408,4.49870208745669,5.3868842926081,-0.542480877512466,3.65354465708405,-1.39958322133761,16.1436467952241,17.5432300165617,1.24231017512447,9.92937491019787,-12.5424625461886,41.8321030935533,54.3745656397419,39.1062760634314,-1.69785512318291,-9.87169448850534,13.3005076579513,23.1722021464566,0.297556636402893,-9.87169448850534,4.97094097562528,12.4812488740255,7.51030789840019,6.03851939422508,6.59611393911817
P12_Mid_0022,-15.2891828311905,14.2414564052101,29.5306392364005,7.09994961299648,-15.2891828311905,-9.59664410019289,2.21214431007094,11.8087884102638,-5.06273891742517,1.39798152705468,16.4640949539637,28.6533385884213,12.1892436344577,20.8229549957971,27.7119746267847,1.49534209533368,43.7760118495217,42.280669754188,6.19698586395904,43.7760118495217,-0.744000540793236,4.38203483681877,5.12603537761201,-0.317545668253223,3.58872466251577,-1.06148259039554,16.3782811818301,17.4397637722257,1.6883650036454,9.96084714346931,-12.9119036206808,41.6818901007017,54.5937937213825,39.0811062693039,-1.4942077937995,-9.9612791267232,12.9135317288551,22.8748108555783,-0.503245200115917,-9.9612791267232,4.91610515395858,12.313967983938,7.3978628299794,5.42900258294806,6.65949463234596
P12_Mid_0024,-16.2703102430143,13.7988516728967,30.069161915911,7.12447977644777,-16.2703102430143,-9.75112218420717,2.18920978858609,11.9403319727933,-5.30586182534873,1.60485402376719,16.3208719003059,28.6187776784968,12.297905778191,20.5822075432897,27.9470696900473,3.47134575900299,42.5356765763109,39.0643308173079,6.13940081057655,42.5356765763109,-0.618963328933376,4.5436039432713,5.16256727220468,-0.280299916758582,3.78669532680224,-0.897199676201967,15.6358862882296,16.5330859644316,2.29650541407121,9.56593149087611,-12.4272945622964,42.3574003192492,54.7846948815456,39.6492187642181,-1.92443259932261,-9.78599546944021,12.2909183733883,22.0769138428285,0.08400888194196,-9.78599546944021,4.54706553817753,12.5072392455257,7.96017370734821,5.35456983137702,6.91503792956716
P13_Base_0003,-20.4171697827632,12.8676806307571,33.2848504135203,1.52000524983628,-20.4171697827632,-2.58876465470565,2.4050727666818,4.99383742138745,0.732295551811124,0.539034491203174,0.618202432969454,6.59906057293524,5.98085813996579,4.70031358355824,4.14997520009169,0.676135850647341,47.8692574259812,47.1931215753339,0.860259855164883,47.8692574259812,-0.0970397542811935,5.15873249438106,5.25577224866225,-0.0704073504512532,3.53452692753364,-11.6893290536978,6.32337378747384,18.0127028411717,-6.6772489792958,0.405135644357812,-11.8979347627806,31.3388433933206,43.2367781561012,31.1675187210223,-0.427428863704279,-8.78958180946588,10.4759252615874,19.2655070710533,-0.0730917937802887,-8.78958180946588,-6.98541425776501,5.31010173495426,12.2955159927193,-5.19567584982227,-4.58504233605455
P13_Base_0006,-21.0644577480745,12.6254541980464,33.6899119461209,1.28724120746113,-21.0644577480745,-2.44085814130723,2.98313828195375,5.42399642326098,1.20353894250204,0.892086640219914,0.801657541369856,7.40401050769847,6.60235296632861,5.34423647414896,4.6259906081407,0.41155889353675,47.4868104087867,47.0752515152499,0.997538793690739,47.4868104087867,-0.0399097870380628,4.99819756597822,5.03810735301628,-0.0175926577931037,3.5016204317987,-11.9053662084229,6.87320870273174,18.7785749111547,-7.09879322593009,0.915816912555889,-12.8801387035638,30.8934486845057,43.7735873880695,30.7348684600562,-1.20207833984172,-9.31368868697458,10.1304191823121,19.4441078692866,-0.976557949473089,-9.31368868697458,-7.7738282636121,5.77869736019083,13.5525256238029,-5.9077665192339,-4.80942364324673
P13_Base_0007,-21.0217199199,12.9295798809689,33.9512998008689,1.0146826254465,-21.0217199199,-3.57625875185912,2.75265329386603,6.32891204572515,0.918251308257503,0.645413185485931,-0.612329868348342,7.08811910549044,7.70044897383879,4.95524667992992,4.29060959575359,0.789486580492588,48.3788727515012,47.5893861710086,2.52265168945109,48.3788727515012,0.0296613217266469,4.90750556578881,4.87784424406216,0.136998528404579,3.27599685431916,-11.629561567665,6.94945435693271,18.5790159245977,-6.31864476433779,1.23768397742479,-12.9022833560996,31.8186684872091,44.7209518433087,31.5965812616478,-0.621885006758511,-9.45223593651273,10.0763512182946,19.5285871548073,-0.0862532293979529,-9.45223593651273,-6.59454270696812,6.39616742881477,12.9907101357829,-4.60424941076775,-4.46438489171846
P13_Base_0008,-20.8686948003615,12.613637956504,33.4823327568654,0.459160066106682,-20.8686948003615,-2.30072044233069,3.09197859897402,5.39269904130471,1.40306923972013,1.36521290618394,0.973819356943713,7.56076402519244,6.58694466824872,5.62308207439308,5.24886910846779,0.104873081206948,47.3308846252949,47.2260115440879,0.610041499320062,47.3308846252949,-0.069945890546007,5.18187681030949,5.2518227008555,-0.0476287613010479,3.66349396173339,-11.8266706901804,6.62913419645131,18.4558048866317,-6.7851731479148,1.78468085998722,-12.8062951346532,31.7689460275929,44.5752411622461,31.5966374086021,-0.844704613578727,-9.51856525422191,10.0740717587341,19.592637012956,-0.0823688345824421,-9.51856525422191,-7.09527910200797,5.93595188551486,13.0312309875228,-4.56152920575662,-4.86367649108069
P13_Mid_0019,-24.0119310329455,11.953794651,35.9657256839455,1.69715111821404,-24.0119310329455,-1.1024205380477,3.05601658164729,4.158437119695,2.48922806461489,1.79455794376835,-3.591366760478,1.93966990022099,5.53103666069899,1.15152178897252,0.20878649124644,-0.257464510202037,45.2417897207445,45.4992542309465,2.95873401892419,45.2417897207445,0.272995904229759,5.17205816875469,4.89906226452493,0.542308313702731,3.62373426685,-14.3272541813727,4.85284139592494,19.1800955772977,-8.65403117772387,-0.896365259628898,-15.1375408500395,33.8475284300691,48.9850692801085,33.8475284300691,-3.66684031710287,-9.58906595802766,8.69414139792231,18.28320735595,-2.51588506698425,-9.58906595802766,-12.0126626538003,4.54010427740004,16.5527669312003,-9.47241786829928,-8.929046704895
P13_Mid_0025,-22.428801319412,11.6198655703086,34.0486668897206,2.06494862686853,-22.428801319412,-1.66141053890511,3.08300498548506,4.74441552439017,2.40717427945056,1.53869036279587,-4.29645018217889,1.97986756448405,6.27631774666293,1.04208485487861,-0.147800790200262,-0.924090247994142,44.1464955599939,45.070585807988,3.66456176527407,44.1464955599939,0.214226708896532,4.42044964138883,4.2062229324923,0.716566725502279,2.87887052346183,-13.9690452355874,5.92130263156996,19.8903478671574,-9.96297563480474,-1.41497402601149,-15.5162792767993,34.6227317590062,50.1390110358054,34.6227317590062,-4.33272192105982,-10.0757122484128,8.70946679413803,18.7851790425509,-2.8315423068259,-10.0757122484128,-12.5299020938509,5.45998891223309,17.989891006084,-9.78408705748323,-8.33161293916944
P13_Mid_0026,-23.6523718708377,11.4212801640274,35.0736520348651,2.03346228146748,-23.6523718708377,-2.55037859292603,2.90782565420463,5.45820424713066,2.37093728326757,0.679116484281644,-5.39736972186467,1.73407160450214,7.13144132636681,0.983886106848763,-1.2932159003109,-0.855413287557469,44.7701618635107,45.6255751510682,4.98476820445967,44.7701618635107,0.292778638346752,4.39431648967897,4.10153785133222,0.9489242798997,2.8374128581603,-15.2244888288986,4.9229406271316,20.1474294560302,-9.50282820051984,-1.33042625315777,-16.395119207737,34.9863728933452,51.3814921010822,34.9863728933452,-4.47577325826773,-11.0932608590485,8.13391475060472,19.2271756096532,-3.10268807381258,-11.0932608590485,-12.4604250879747,5.37418144017153,17.8346065281463,-9.96742427092369,-8.22481112988478
P14_Mid_0019,-30.9193083153792,5.81822952927086,36.7375378446501,-1.1188917505508,-30.9193083153792,-1.18120854207095,3.83491962938707,5.01612817145802,3.1555805368562,1.20330156072388,-2.01443532684925,5.11599885157196,7.13043417842122,4.10093759014336,1.26918527296334,-1.05509572770154,41.6580863941539,42.7131821218554,0.693506985195885,41.6580863941539,0.99347391819415,6.85973819957306,5.86626428137891,1.11646070286533,5.22369074560207,-11.8308720804756,9.61325140461391,21.4441234850895,-10.7761319541283,1.08045130717157,-17.8155654547931,33.0015984364701,50.8171638912632,31.0256313945389,-7.74770867313696,-8.71610035834013,8.28161256853955,16.9977129268797,-5.43719497970606,-8.69895181592673,-11.2732016190931,-0.537182570189452,10.7360190489037,-7.62648502246039,-7.46355852477586
P14_Mid_0021,-29.8155672591954,5.86183518664074,35.6774024458362,-1.63315703415516,-29.8155672591954,-2.08607924540356,3.52784916220222,5.61392840760577,2.75334814772651,0.650666874860356,-3.23613165803436,4.64423960050649,7.88037125854085,3.49595047090614,0.478413229842727,-1.41357415626933,42.1387412622587,43.552315418528,-0.4489582510647,42.1387412622587,0.865595212579422,6.54770678017563,5.6821115675962,0.981451665147591,5.10251853718881,-11.2813046353146,8.6918016449175,19.9731062802321,-10.071648426335,0.912626938947303,-18.0248624971018,32.5026384638226,50.5275009609243,30.2782698628228,-8.10503342695887,-8.56362826084973,8.11618497566831,16.679813236518,-4.89215487961487,-8.56362826084973,-10.0842060000045,0.321563456717107,10.4057694567216,-7.0718270247556,-7.61333322786069
P14_Mid_0022,-31.7020043664014,6.14243994881784,37.8444443152192,-1.62082184095473,-31.7020043664014,-1.78840203416365,4.36180897960583,6.15021101376948,2.67741400355807,1.74255037618479,-2.83693249171831,5.94877073794818,8.78570322966649,3.38138216802393,2.05846436439492,-2.57568948294556,41.4997297818391,44.0754192647847,-0.668290974172297,41.4997297818391,0.688523046695052,6.83009102692848,6.14156798023342,0.798539651403031,5.41693412124533,-11.9269613195034,8.99071291837183,20.9176742378752,-10.8703597255443,1.85073568989439,-18.0778406709963,33.7062737811341,51.7841144521305,30.7925685986292,-7.51045450311829,-8.27420163381254,8.10712618829899,16.3813278221115,-5.74908814618921,-8.27420163381254,-10.5880558188835,-0.0112185008631767,10.5768373180203,-7.43885332927028,-8.00710480714517
P14_Mid_0023,-31.4437068944972,6.10058594807609,37.5442928425733,-1.75465033602956,-31.4437068944972,-2.43156583620446,3.81429491886273,6.24586075506719,2.84427222557346,0.822172758140655,-3.64562917978873,5.08872916190001,8.73435834168875,3.62983273988149,0.725434057012524,-2.32729790021026,41.014751264279,43.3420491644893,-1.41549406867267,41.014751264279,0.675184518623337,7.16984192977321,6.49465741114987,0.785201123331316,4.93972274149034,-12.3062631071791,8.83509055239308,21.1413536595722,-11.006289519614,0.864060645903526,-18.0140607336899,34.1892156237044,52.2032763573943,30.5862259740084,-8.14908829457572,-8.36123759452188,7.88174143058015,16.242979025102,-5.39127343746577,-8.36123759452188,-10.0076390168139,-0.701563682158431,9.30607533465546,-7.26181375607025,-7.76959746231225
