video_name,frame,person_idx,nose_x,nose_y,nose_c,neck_x,neck_y,neck_c,right_shoulder_x,right_shoulder_y,right_shoulder_c,right_elbow_x,right_elbow_y,right_elbow_c,right_wrist_x,right_wrist_y,right_wrist_c,left_shoulder_x,left_shoulder_y,left_shoulder_c,left_elbow_x,left_elbow_y,left_elbow_c,left_wrist_x,left_wrist_y,left_wrist_c,mid_hip_x,mid_hip_y,mid_hip_c,right_hip_x,right_hip_y,right_hip_c,right_knee_x,right_knee_y,right_knee_c,right_ankle_x,right_ankle_y,right_ankle_c,left_hip_x,left_hip_y,left_hip_c,left_knee_x,left_knee_y,left_knee_c,left_ankle_x,left_ankle_y,left_ankle_c,right_eye_x,right_eye_y,right_eye_c,left_eye_x,left_eye_y,left_eye_c,right_ear_x,right_ear_y,right_ear_c,left_ear_x,left_ear_y,left_ear_c,left_big_toe_x,left_big_toe_y,left_big_toe_c,left_small_toe_x,left_small_toe_y,left_small_toe_c,left_heel_x,left_heel_y,left_heel_c,right_big_toe_x,right_big_toe_y,right_big_toe_c,right_small_toe_x,right_small_toe_y,right_small_toe_c,right_heel_x,right_heel_y,right_heel_c,person_height
P02_Med_Front_2,25,0,1443.28,651.546,0.0643762,1443.21,680.323,0.992195,1467.94,680.458,0.897904,1472.35,709.458,0.911821,1472.23,730.164,0.474773,1430.83,680.356,0.934696,1414.25,709.567,0.856053,1418.37,730.183,0.652574,1443.18,742.515,1.04739,1451.45,742.57,0.955408,1451.43,779.798,0.942943,1443.34,817.177,0.914211,1438.93,742.512,1.01464,1434.92,779.767,0.845217,1434.95,813.143,0.834163,1447.37,651.302,0.0578283,0.0,0.0,0.0,1451.48,655.466,0.646037,1439.04,655.455,0.560143,1438.96,821.357,0.535307,1434.96,817.295,0.536714,1434.9,817.286,0.717665,1447.42,833.691,0.663749,1451.48,829.676,0.675385,1443.21,825.485,0.860794,138.9145239382838
P02_Med_Front_2,26,0,1443.16,651.348,0.126201,1443.19,680.343,0.984355,1463.98,680.47,0.878451,1472.22,709.435,0.856305,1472.16,734.348,0.517099,1434.75,680.367,0.921922,1414.33,709.568,0.813971,1414.38,738.416,0.717707,1443.13,742.49,1.02551,1447.46,742.546,0.947675,1451.43,779.768,0.934071,1443.25,817.13,0.917958,1438.92,742.482,0.98379,1438.85,779.742,0.843849,1438.9,813.083,0.845318,1443.39,647.411,0.116909,1439.25,651.394,0.0783425,1447.44,651.552,0.654358,1439.07,651.543,0.554889,1439.11,821.316,0.523433,1438.96,817.276,0.528439,1438.87,817.237,0.696553,1447.38,829.685,0.675687,1447.44,829.666,0.690857,1443.11,825.442,0.851107,138.22332834945044
P02_Med_Front_2,27,0,1443.22,651.376,0.152105,1443.23,676.404,0.987139,1463.87,680.212,0.85325,1472.18,709.217,0.850479,1472.1,726.057,0.523708,1434.89,680.193,0.928594,1418.37,709.38,0.733701,1430.71,721.963,0.499368,1443.19,742.372,0.980322,1447.41,742.376,0.919632,1451.47,779.755,0.926495,1443.42,817.198,0.869227,1439.07,742.374,0.94757,1439.02,779.776,0.885707,1439.12,813.221,0.875571,1443.4,647.419,0.146221,1439.27,651.475,0.0944727,1447.41,651.382,0.649339,1439.13,651.36,0.51812,1443.04,821.442,0.567153,1439.07,821.292,0.56694,1439.11,821.361,0.739538,1447.4,833.716,0.598626,1451.48,829.585,0.598952,1443.3,825.472,0.803945,138.50403133483152
P02_Med_Front_2,28,0,1443.21,651.409,0.327979,1443.32,676.358,0.997881,1447.39,676.335,0.860168,1463.9,709.21,0.650287,1438.99,730.143,0.504343,1443.13,676.45,0.868662,1443.18,709.272,0.614911,1447.44,730.062,0.502476,1443.31,738.488,0.939617,1443.36,738.489,0.93732,1443.37,775.928,0.92976,1443.1,813.254,0.892067,1443.31,738.497,0.899619,1443.15,779.726,0.904043,1439.21,813.194,0.8982,1443.24,647.42,0.307393,1443.18,647.449,0.274621,1443.38,651.321,0.606983,1443.16,647.453,0.557339,1443.11,825.448,0.558801,1443.13,821.408,0.567581,1439.16,817.334,0.739952,1443.28,829.656,0.616954,1443.28,825.567,0.628994,1443.04,821.382,0.803259,136.98619149753745
P02_Med_Front_2,29,0,1443.09,647.435,0.129158,1443.23,676.315,0.991635,1463.97,676.332,0.862894,1472.21,705.334,0.880223,1472.18,734.243,0.673631,1434.82,676.395,0.931265,1418.29,709.285,0.778054,1422.5,730.186,0.688868,1443.24,738.487,0.970707,1447.52,738.484,0.90428,1451.45,779.74,0.933516,1443.27,817.324,0.883957,1439.07,738.464,0.947715,1438.98,775.902,0.888073,1438.97,813.218,0.892053,1443.39,647.215,0.106192,1439.15,647.454,0.0866008,1447.49,647.462,0.672485,1439.08,651.299,0.597711,1439.02,825.472,0.581386,1434.99,821.315,0.570489,1438.97,821.359,0.742889,1443.38,837.794,0.625062,1447.43,833.732,0.614952,1443.15,829.613,0.824727,142.503452814309
P02_Med_Front_2,30,0,1443.38,651.542,0.477066,1443.3,676.405,1.00879,1439.0,676.365,0.89598,1418.34,709.198,0.806869,1418.28,730.168,0.782064,1459.78,676.457,0.857137,1472.18,709.235,0.845348,1472.3,734.215,0.821035,1443.32,742.401,0.959463,1443.01,742.381,0.976749,1439.03,779.876,0.932987,1438.87,821.375,0.86509,1451.5,742.438,0.909518,1447.4,779.9,0.910741,1443.16,821.341,0.885387,1443.28,651.337,0.47569,1443.41,647.484,0.396449,1443.24,651.385,0.647012,1443.42,651.31,0.495716,1443.36,837.914,0.666345,1447.42,837.79,0.656905,1443.04,829.649,0.701788,1439.11,837.992,0.738157,1434.98,837.837,0.713076,1434.96,829.595,0.758747,145.0100582718316
P02_Med_Front_2,31,0,1443.38,655.602,0.641947,1443.28,680.265,1.00166,1434.8,680.263,0.914588,1414.29,709.382,0.895884,1414.22,734.349,0.838643,1468.05,680.332,0.905158,1472.43,709.435,0.909845,1476.18,738.48,0.887937,1443.27,742.533,0.982853,1439.03,742.508,0.989018,1438.86,780.021,0.910378,1438.82,825.443,0.851074,1455.62,742.596,0.918588,1447.47,780.062,0.894169,1443.19,825.504,0.881976,1443.19,651.493,0.636611,1447.36,651.434,0.583311,1439.26,651.525,0.634445,1451.48,651.525,0.49127,1443.36,841.868,0.678979,1447.46,837.917,0.678886,1443.09,833.769,0.723195,1439.03,841.847,0.73122,1434.91,837.87,0.708558,1434.96,829.677,0.735665,145.2356457623265
P02_Med_Front_2,32,0,1443.34,659.718,0.613615,1443.26,680.401,0.9898,1434.98,680.398,0.861035,1414.33,709.427,0.813484,1418.31,734.259,0.755054,1459.82,680.494,0.839312,1472.27,709.504,0.853803,1472.22,738.452,0.839262,1443.27,742.617,0.984584,1443.03,742.597,0.978631,1439.08,779.995,0.912765,1438.96,825.513,0.854561,1447.45,742.65,0.929515,1443.4,780.058,0.89131,1443.05,825.477,0.852461,1443.17,655.525,0.624242,1447.28,651.553,0.551426,1443.09,655.627,0.670158,1447.39,655.562,0.508148,1443.27,837.95,0.617129,1443.36,837.857,0.620109,1439.19,833.792,0.706333,1439.19,841.898,0.699362,1438.99,837.976,0.693786,1438.88,833.75,0.754933,145.16956852246963
P02_Med_Front_2,33,0,1443.23,663.802,0.274219,1443.29,680.546,0.962601,1459.84,684.467,0.825122,1472.13,713.535,0.790386,1467.92,742.464,0.693577,1438.9,680.496,0.83184,1414.35,709.471,0.680429,1439.06,738.27,0.524294,1443.21,742.749,0.998062,1447.28,742.741,0.967767,1443.42,783.96,0.906693,1443.13,829.65,0.86579,1439.2,742.768,0.940088,1439.18,784.001,0.87077,1439.07,825.486,0.825391,1443.3,655.545,0.257534,1443.19,659.592,0.23458,1447.37,659.708,0.631913,1443.04,655.623,0.582865,1439.15,833.835,0.526236,1439.06,833.716,0.525538,1439.01,833.801,0.705585,1443.3,841.929,0.638496,1447.28,837.982,0.623324,1443.03,837.876,0.825771,146.1414643042829
P02_Med_Front_2,34,0,1443.28,671.974,0.661682,1443.24,684.491,0.95648,1434.9,680.653,0.860366,1414.18,713.42,0.862663,1418.26,734.325,0.7469,1463.88,684.566,0.840034,1472.24,713.624,0.860687,1472.19,742.521,0.869464,1443.22,746.725,0.997299,1439.13,746.73,1.00235,1439.09,788.224,0.877426,1439.02,833.776,0.875124,1447.5,746.731,0.925847,1447.32,792.271,0.858489,1443.14,833.721,0.877765,1443.12,663.835,0.636429,1443.43,663.78,0.583028,1443.08,667.878,0.617781,1447.45,667.871,0.513536,1447.37,842.035,0.688444,1447.47,841.913,0.684975,1443.05,837.93,0.746412,1443.17,842.249,0.762074,1439.07,842.167,0.747871,1438.93,837.925,0.792392,153.17841730805284
P02_Med_Front_2,35,0,1443.26,672.043,0.71619,1443.29,684.591,0.944428,1434.81,684.494,0.870239,1414.23,713.523,0.899379,1414.33,738.47,0.832928,1467.99,684.65,0.868058,1472.37,713.768,0.904954,1472.23,742.608,0.933258,1443.28,746.796,0.980701,1439.09,746.801,1.00483,1439.19,792.267,0.87743,1439.03,833.745,0.877266,1451.58,746.797,0.922675,1447.43,796.41,0.860004,1443.12,833.716,0.899701,1443.1,667.858,0.66639,1443.43,663.858,0.640228,1443.03,668.004,0.591972,1447.53,668.0,0.564925,1447.37,842.189,0.713972,1451.49,842.037,0.71309,1439.22,837.91,0.75043,1443.25,846.082,0.800291,1439.09,846.068,0.777065,1438.91,837.899,0.798984,149.3106473129093
P02_Med_Front_2,36,0,1443.34,672.041,0.714099,1443.25,688.624,0.933868,1434.8,684.632,0.84835,1414.23,713.646,0.889239,1418.33,738.503,0.807022,1463.99,688.672,0.844594,1472.27,717.632,0.875295,1472.26,742.577,0.903564,1443.25,746.863,0.978031,1439.08,746.869,0.998518,1439.22,796.384,0.887902,1439.02,837.838,0.89294,1451.5,746.852,0.918409,1447.52,800.523,0.868447,1443.12,837.798,0.911773,1443.15,667.85,0.693443,1447.28,663.844,0.627749,1443.07,671.994,0.679575,1447.52,671.961,0.533793,1447.35,846.156,0.675935,1451.55,842.17,0.677743,1439.18,837.958,0.748562,1443.21,846.255,0.830303,1439.05,846.253,0.79928,1438.86,841.928,0.803057,153.26410811406566
P02_Med_Front_2,37,0,1443.21,672.12,0.0895591,1443.21,692.903,0.919578,1463.99,692.897,0.845967,1472.2,721.847,0.879448,1472.05,746.629,0.833115,1430.82,692.842,0.833629,1414.29,713.656,0.74341,1434.79,738.431,0.496013,1443.07,746.84,1.02673,1447.34,746.852,0.983507,1451.45,792.346,0.877961,1443.18,837.967,0.925845,1438.87,746.793,0.965353,1439.1,788.234,0.879384,1438.97,829.63,0.834972,1443.49,667.971,0.0799571,1439.25,668.025,0.0601509,1451.46,672.139,0.678279,1439.1,672.071,0.6159,1439.14,837.807,0.550422,1438.97,833.764,0.537071,1438.93,837.887,0.731498,1447.31,846.121,0.783185,1447.37,846.167,0.762258,1439.24,842.118,0.89487,146.55497603288666
P02_Med_Front_2,38,0,1443.29,672.154,0.32419,1443.19,692.828,0.933512,1447.43,692.781,0.788561,1468.05,721.806,0.730872,1451.52,742.733,0.645359,1439.12,692.893,0.7585,1430.8,713.743,0.529514,1447.39,742.557,0.537665,1443.14,746.944,0.99841,1443.28,746.927,0.995639,1443.4,800.54,0.893841,1443.03,841.933,0.92184,1443.06,746.917,0.917145,1443.14,796.471,0.868183,1439.15,837.854,0.849028,1443.3,667.928,0.296584,1443.31,667.986,0.266195,1443.4,672.084,0.676741,1443.12,672.097,0.565447,1443.32,842.033,0.565912,1443.26,841.915,0.552404,1439.1,841.942,0.738727,1447.27,846.406,0.77019,1443.3,850.31,0.751695,1439.11,842.194,0.863538,149.21688612218128
P02_Med_Front_2,39,0,0.0,0.0,0.0,1443.14,692.896,0.918155,1467.94,692.885,0.861452,1472.22,721.853,0.896391,1472.1,746.792,0.737607,1426.64,692.894,0.84212,1414.12,713.771,0.789347,1426.68,738.302,0.481577,1443.02,746.955,1.01568,1447.39,746.976,0.954181,1451.48,800.596,0.867279,1443.3,841.983,0.931094,1434.94,746.875,0.950331,1438.83,796.465,0.854512,1438.9,838.004,0.853895,0.0,0.0,0.0,0.0,0.0,0.0,1447.49,672.138,0.668242,1438.98,672.072,0.649925,1439.13,842.139,0.52904,1438.88,841.984,0.522414,1438.94,842.151,0.771497,1447.48,846.36,0.734325,1451.53,846.339,0.718452,1443.17,846.159,0.88596,151.12029381919555
P02_Med_Front_2,40,0,1443.13,672.138,0.0849602,1443.14,692.87,0.921575,1463.96,692.865,0.840468,1472.18,721.805,0.887729,1472.19,746.918,0.784287,1430.68,692.886,0.828582,1414.24,713.715,0.748981,1430.72,738.504,0.564085,1443.05,746.987,1.01216,1447.35,750.799,0.963968,1451.53,800.666,0.876973,1443.27,842.099,0.960275,1438.83,746.902,0.956393,1438.92,796.531,0.868129,1438.93,841.858,0.873346,1443.39,667.998,0.0671637,1439.19,667.936,0.0716791,1447.47,672.144,0.655222,1439.03,672.051,0.650572,1439.08,842.147,0.544934,1438.86,842.002,0.531425,1438.95,842.166,0.795009,1447.39,846.409,0.716805,1447.48,846.404,0.703158,1443.15,846.269,0.906627,150.66141794102435
P02_Med_Front_2,41,0,1443.14,672.086,0.391983,1443.15,688.722,0.939113,1443.2,688.661,0.803867,1426.64,717.667,0.643128,1430.79,742.501,0.606115,1443.25,688.788,0.751514,1468.09,717.663,0.66445,1467.99,746.553,0.620867,1443.1,750.894,0.972845,1443.13,750.889,0.972516,1443.27,804.739,0.915948,1439.22,842.234,0.929611,1443.14,750.842,0.896374,1443.23,804.71,0.875846,1443.09,842.082,0.870966,1443.17,667.853,0.344048,1443.21,667.892,0.347484,1443.28,671.916,0.627437,1443.13,671.922,0.603217,1443.25,846.198,0.580644,1443.24,846.086,0.572764,1443.07,842.234,0.753262,1443.21,850.504,0.702186,1443.16,850.472,0.697268,1439.13,846.312,0.843908,153.62456421093611
P02_Med_Front_2,42,0,1443.28,671.976,0.303119,1443.15,684.716,0.943828,1447.49,684.704,0.807045,1472.0,717.755,0.766495,1463.85,746.637,0.596604,1438.92,688.688,0.765596,1451.46,717.636,0.5149,1447.4,742.508,0.48904,1443.12,746.94,1.00395,1443.33,746.92,0.987948,1447.41,800.673,0.887007,1443.25,842.112,0.939219,1439.14,746.906,0.91919,1439.14,800.541,0.846851,1439.09,841.922,0.872542,1443.26,659.717,0.286108,1443.27,663.818,0.24375,1443.39,667.887,0.687515,1443.03,667.889,0.548441,1443.06,842.192,0.559235,1439.04,842.087,0.547547,1439.11,842.165,0.795981,1447.3,850.321,0.710667,1447.35,850.349,0.696729,1443.15,846.238,0.887133,157.46509474801076
P02_Med_Front_2,43,0,1443.19,667.938,0.795708,1443.17,684.624,0.966637,1426.62,684.596,0.880592,1410.29,713.763,0.942822,1410.27,746.648,0.960151,1468.13,684.682,0.898874,1472.4,717.654,0.929095,1476.32,746.726,0.905163,1443.15,750.846,0.986631,1434.88,750.877,0.946536,1438.83,804.828,0.905195,1439.0,842.219,0.952062,1455.69,750.824,0.910778,1455.66,804.786,0.886196,1451.45,842.14,0.90515,1439.26,659.683,0.778474,1443.4,659.641,0.766977,1438.99,667.876,0.612226,1451.46,663.815,0.615028,1455.57,854.481,0.688189,1463.99,846.378,0.726711,1447.49,846.083,0.750136,1439.22,854.488,0.831703,1438.84,850.479,0.804028,1438.99,846.228,0.837416,158.1084264958703
P02_Med_Front_2,44,0,1443.26,667.917,0.797078,1443.18,684.622,0.961511,1426.57,684.609,0.874278,1410.26,713.724,0.944458,1410.27,746.645,0.940551,1468.15,684.672,0.89977,1472.43,713.766,0.927955,1476.44,746.665,0.882597,1443.16,750.848,0.9792,1434.85,750.878,0.940022,1434.99,804.777,0.89169,1438.98,842.161,0.943218,1455.72,750.824,0.902257,1455.67,804.719,0.872738,1451.48,842.104,0.894756,1443.03,659.654,0.797401,1443.47,659.623,0.764697,1439.03,667.871,0.663012,1451.51,663.798,0.586498,1455.56,854.501,0.698612,1467.95,846.396,0.74228,1451.45,842.241,0.744781,1439.18,854.457,0.840625,1434.93,850.463,0.810996,1438.99,846.158,0.821503,158.03999748165012
P02_Med_Front_2,45,0,1443.34,667.992,0.77331,1443.2,684.691,0.951023,1426.6,684.7,0.860122,1410.3,717.714,0.933633,1414.13,746.928,0.958033,1472.01,688.612,0.899553,1476.21,717.683,0.927385,1476.44,746.825,0.889759,1443.26,750.956,0.962525,1434.94,751.01,0.931105,1438.83,808.69,0.902821,1439.02,846.04,0.933784,1463.84,750.906,0.901829,1459.85,804.797,0.885414,1455.62,842.241,0.905664,1443.08,659.719,0.776997,1447.35,659.681,0.72381,1439.05,667.895,0.701608,1451.55,663.818,0.522931,1455.66,862.751,0.719811,1468.13,854.477,0.76493,1455.56,846.189,0.753906,1443.05,858.597,0.823668,1438.84,854.53,0.792929,1439.02,846.292,0.806611,161.81734146870656
P02_Med_Front_2,46,0,1447.27,672.03,0.548904,1443.19,688.682,0.923976,1430.75,688.688,0.817,1414.1,717.68,0.869067,1414.24,746.88,0.907425,1463.98,684.705,0.831075,1476.23,713.74,0.847589,1476.38,746.628,0.75109,1443.3,755.07,0.891086,1439.12,759.087,0.899021,1439.1,808.923,0.927196,1439.15,846.25,0.896372,1455.57,755.013,0.833875,1455.64,808.88,0.887576,1451.48,846.345,0.868017,1443.22,667.873,0.560145,1447.39,663.809,0.448028,1443.02,671.924,0.673471,1447.47,667.954,0.364174,1451.5,862.827,0.646132,1459.8,858.687,0.64279,1451.46,850.424,0.700264,1439.17,858.635,0.690277,1438.94,854.526,0.685085,1439.12,850.379,0.758745,157.78575298169352
P02_Med_Front_2,47,0,1443.39,672.11,0.82039,1443.2,692.793,0.936035,1422.55,692.833,0.839422,1410.16,721.795,0.920387,1414.17,750.811,0.930323,1471.99,692.765,0.88627,1476.25,717.745,0.885463,1476.5,750.827,0.815064,1443.26,759.217,0.925653,1434.94,763.24,0.893729,1438.87,808.997,0.937245,1439.01,846.331,0.929534,1463.85,759.19,0.863938,1463.9,808.911,0.894985,1455.63,850.37,0.854635,1443.11,667.949,0.837657,1447.42,667.886,0.752531,1439.0,672.065,0.774502,1451.59,671.929,0.46233,1451.61,871.047,0.730845,1468.11,867.0,0.748171,1451.57,854.474,0.698962,1439.19,862.845,0.824903,1434.92,858.747,0.791161,1439.03,850.408,0.786458,154.37800233193852
P02_Med_Front_2,48,0,1447.32,676.069,0.642588,1443.22,696.921,0.923831,1422.56,696.975,0.830886,1410.11,721.973,0.891379,1414.37,750.937,0.871256,1468.16,692.882,0.865615,1476.28,721.851,0.82752,1476.36,750.868,0.771145,1443.31,767.436,0.91228,1438.89,767.497,0.906065,1438.9,812.956,0.929173,1438.93,850.323,0.900465,1463.83,767.432,0.852548,1455.72,812.871,0.862369,1447.51,850.47,0.825472,1443.21,672.004,0.654117,1447.49,671.968,0.530818,1439.15,672.159,0.724634,1451.59,672.014,0.337493,1455.65,871.089,0.660281,1468.01,867.006,0.663195,1447.4,854.595,0.635569,1443.08,870.949,0.816919,1438.89,866.962,0.782134,1438.9,854.471,0.793296,154.2192789634292
P02_Med_Front_2,49,0,1443.42,676.242,0.616072,1443.22,701.16,0.930662,1426.68,705.097,0.814892,1410.14,726.076,0.855997,1414.37,754.958,0.83999,1468.07,701.147,0.846334,1476.2,725.974,0.797304,1476.27,750.826,0.722041,1443.35,771.521,0.915778,1439.11,771.54,0.919961,1439.04,813.03,0.922396,1439.07,850.326,0.875148,1459.72,771.548,0.859322,1451.5,812.957,0.876065,1443.43,854.481,0.841469,1443.17,676.004,0.617421,1447.39,676.01,0.529462,1439.2,676.101,0.699129,1447.53,676.087,0.448954,1447.37,871.144,0.68525,1451.59,871.032,0.664135,1443.39,862.772,0.671549,1439.2,870.935,0.69449,1438.96,862.857,0.679696,1439.04,854.519,0.760312,145.75655916973344
P02_Med_Front_2,50,0,1443.36,676.294,0.828853,1443.25,701.161,0.948116,1426.64,705.092,0.856974,1410.17,726.058,0.901715,1418.28,750.992,0.883821,1472.06,701.163,0.905416,1476.32,725.98,0.872184,1476.51,755.05,0.809553,1443.37,771.508,0.946787,1438.94,771.52,0.954514,1438.88,813.128,0.955169,1439.01,850.326,0.906592,1463.95,771.524,0.896203,1455.67,813.082,0.885315,1447.51,858.627,0.835433,1443.1,676.04,0.833825,1447.37,676.041,0.759308,1439.04,676.168,0.763988,1451.54,676.129,0.527659,1447.47,875.232,0.782713,1463.93,875.095,0.762433,1447.48,866.849,0.691373,1439.13,871.093,0.796111,1434.91,867.014,0.759626,1439.02,850.523,0.806616,145.75984239837805
P02_Med_Front_2,51,0,1443.41,676.327,0.818878,1443.34,705.351,0.967919,1430.68,709.16,0.875843,1410.21,734.29,0.900651,1418.31,759.142,0.857565,1472.18,709.157,0.938901,1476.39,734.282,0.875341,1476.5,759.176,0.813791,1443.38,775.511,0.96586,1438.93,775.487,0.956946,1438.85,817.121,0.903826,1438.97,850.502,0.859928,1463.97,775.59,0.924413,1459.78,817.132,0.861167,1451.56,867.009,0.83207,1443.15,676.06,0.810477,1447.48,676.043,0.764666,1439.13,676.194,0.713868,1455.62,676.196,0.588643,1451.52,879.265,0.749871,1467.92,875.354,0.75498,1451.52,871.125,0.70789,1439.01,875.039,0.763202,1434.82,871.001,0.738949,1438.99,854.594,0.749563,141.58490408232086
P02_Med_Front_2,52,0,1451.44,676.423,0.818777,1443.36,709.168,0.973848,1430.76,709.185,0.898015,1410.25,738.309,0.912914,1414.36,759.255,0.871432,1472.22,709.18,0.953138,1476.39,734.304,0.882293,1476.52,759.209,0.824498,1443.43,775.542,0.964501,1438.96,775.53,0.971345,1438.89,817.175,0.910774,1439.02,854.49,0.852908,1467.93,775.607,0.93115,1463.86,813.289,0.871696,1451.57,871.032,0.857937,1443.43,676.154,0.833913,1455.61,676.163,0.741386,1439.23,676.243,0.845904,1455.73,676.273,0.375825,1451.6,879.486,0.791351,1468.01,879.325,0.811247,1451.53,875.056,0.73723,1439.08,875.172,0.771871,1434.88,871.142,0.741245,1439.02,858.634,0.740995,145.5395843920135
P02_Med_Front_2,53,0,1455.66,680.224,0.704129,1443.34,709.181,0.984982,1430.76,709.185,0.891424,1410.25,738.396,0.914299,1414.37,767.481,0.884064,1472.2,709.185,0.949857,1476.46,734.309,0.873066,1480.46,755.087,0.78914,1447.32,775.641,0.960388,1439.05,775.645,0.992995,1438.89,817.282,0.914449,1439.01,858.64,0.85454,1468.04,775.701,0.94418,1467.9,817.174,0.888427,1455.66,871.112,0.855294,1447.43,676.239,0.715442,1455.68,676.264,0.504682,1443.2,676.25,0.846272,1455.62,676.289,0.243132,1455.71,883.465,0.781055,1468.14,879.449,0.818416,1455.59,875.109,0.739161,1439.15,875.339,0.788732,1434.92,875.171,0.76115,1439.02,862.782,0.755449,149.68252912414331
P02_Med_Front_2,54,0,1451.6,680.361,0.661148,1443.43,709.225,0.974666,1434.77,709.214,0.899143,1414.12,738.518,0.904111,1418.32,771.509,0.878184,1472.28,709.233,0.961443,1476.5,738.344,0.881288,1480.56,759.112,0.785801,1447.38,775.737,0.960104,1439.1,775.715,1.00367,1438.86,821.399,0.889337,1438.89,862.832,0.844555,1468.09,775.817,0.950289,1468.06,821.327,0.88764,1463.81,875.164,0.890568,1447.41,676.367,0.650273,1455.67,676.398,0.536595,1443.29,676.289,0.744568,1455.69,676.419,0.410361,1463.82,883.678,0.801616,1472.12,883.552,0.858267,1459.7,875.295,0.76846,1439.12,879.286,0.821219,1434.86,875.332,0.784594,1438.92,866.976,0.750486,153.67323880233664
P02_Med_Front_2,55,0,1447.39,680.298,0.471246,1447.31,709.231,0.955266,1439.12,709.174,0.854751,1414.25,738.363,0.804759,1418.26,771.421,0.845144,1468.12,709.286,0.858058,1476.3,738.498,0.824647,1476.47,755.016,0.671209,1447.39,775.724,0.961042,1443.25,775.716,0.96427,1443.09,817.374,0.892519,1439.1,866.913,0.821915,1459.75,775.733,0.891177,1459.81,817.33,0.850587,1451.55,871.153,0.847486,1443.43,676.34,0.42288,1447.5,676.345,0.38565,1447.38,676.237,0.607595,1451.49,676.361,0.5515,1459.83,879.391,0.702694,1463.96,879.268,0.699982,1451.44,875.178,0.73743,1443.19,879.232,0.693144,1439.14,875.312,0.67993,1439.05,871.018,0.743648,157.73900126791727
P02_Med_Front_2,56,0,1451.58,680.226,0.675261,1447.32,709.193,0.951097,1434.85,709.156,0.895437,1414.23,738.437,0.885872,1414.24,771.508,0.909021,1472.38,709.192,0.967212,1476.56,738.385,0.891823,1480.5,759.098,0.770576,1447.39,775.838,0.960308,1439.07,775.828,1.00786,1438.85,825.515,0.882772,1438.81,862.734,0.829434,1468.15,775.896,0.954219,1468.08,821.418,0.880073,1459.74,875.099,0.88523,1447.38,676.225,0.657119,1455.71,676.242,0.56935,1443.3,676.198,0.725012,1459.8,676.298,0.457209,1463.89,883.629,0.825013,1472.1,883.475,0.863417,1455.6,875.183,0.753634,1439.09,879.199,0.77423,1434.86,875.247,0.742552,1438.83,866.892,0.724771,153.62904570425485
P02_Med_Front_2,57,0,1455.71,680.203,0.631551,1447.37,705.35,0.942143,1434.91,705.289,0.89818,1414.35,738.403,0.872738,1414.26,771.515,0.902132,1472.42,709.167,0.974457,1476.62,738.324,0.877529,1484.72,763.349,0.785709,1447.43,775.73,0.947766,1439.15,775.7,1.00311,1438.99,821.352,0.911035,1438.85,862.749,0.845509,1468.15,775.803,0.943761,1468.11,821.281,0.900701,1455.69,871.183,0.882439,1447.52,676.208,0.610755,1459.8,676.227,0.513793,1443.37,676.154,0.72104,1459.8,676.259,0.409924,1463.88,883.544,0.810846,1472.09,879.519,0.855848,1451.52,875.117,0.76008,1439.22,879.235,0.835602,1434.94,875.304,0.786966,1438.83,866.897,0.75878,157.50928607545654
P02_Med_Front_2,58,0,1455.67,676.312,0.706689,1447.37,705.273,0.934819,1434.91,705.162,0.892868,1414.27,734.303,0.865496,1414.27,767.339,0.85763,1472.43,705.347,0.969264,1476.6,734.364,0.876781,1484.77,767.413,0.827402,1447.34,775.634,0.957262,1439.08,775.601,1.00126,1438.92,817.243,0.936021,1438.89,862.795,0.856966,1468.08,775.716,0.933505,1468.09,817.213,0.927446,1455.61,871.157,0.889821,1447.45,676.047,0.684299,1463.83,676.077,0.61082,1443.29,676.048,0.727815,1463.91,676.158,0.457381,1459.77,883.578,0.804387,1472.06,879.508,0.868355,1451.5,875.11,0.766691,1439.21,879.262,0.831353,1434.92,875.334,0.783017,1438.9,866.959,0.765924,157.6832365503701
P02_Med_Front_2,59,0,1451.56,676.184,0.795281,1447.41,705.288,0.931201,1434.95,705.141,0.896251,1418.29,734.329,0.859466,1414.29,767.472,0.877963,1476.2,709.187,0.983356,1480.49,738.358,0.888747,1488.74,771.548,0.872336,1447.4,775.613,0.953022,1439.13,775.561,1.00539,1438.92,817.151,0.959129,1438.86,862.857,0.86044,1468.13,775.704,0.946296,1468.04,817.229,0.934519,1455.56,871.16,0.901946,1447.35,672.088,0.782509,1459.86,672.114,0.761967,1443.17,676.0,0.7319,1468.0,676.105,0.605261,1455.65,879.608,0.824678,1468.15,879.438,0.871714,1451.48,875.109,0.787219,1439.0,875.404,0.817845,1434.78,875.234,0.780745,1438.89,870.941,0.772467,157.76445973665932
P02_Med_Front_2,60,0,1451.56,676.23,0.807493,1447.44,705.289,0.928915,1434.98,705.117,0.897702,1414.35,734.271,0.869002,1414.17,771.442,0.897927,1476.23,709.185,0.984796,1480.47,738.342,0.89499,1484.74,771.465,0.878807,1447.38,775.604,0.9503,1439.11,775.544,1.00237,1438.9,817.146,0.960786,1438.78,866.968,0.866871,1468.14,775.697,0.939969,1468.02,817.232,0.934466,1447.52,875.081,0.931433,1447.35,672.159,0.794298,1463.82,672.18,0.779953,1443.18,676.055,0.732204,1468.01,676.159,0.620459,1451.43,883.595,0.805341,1467.99,879.543,0.835294,1447.39,875.223,0.81219,1438.92,879.34,0.853962,1430.71,875.386,0.803681,1438.82,871.102,0.772496,161.895602784634
P02_Med_Front_2,61,0,1447.53,676.323,0.696477,1447.45,705.317,0.924154,1438.81,705.146,0.888447,1414.36,734.283,0.848811,1414.25,767.531,0.868429,1476.18,709.211,0.983144,1480.48,738.328,0.882717,1480.68,771.53,0.901727,1447.4,775.602,0.934179,1439.15,775.533,0.980828,1438.92,817.189,0.942953,1438.9,875.036,0.893464,1468.12,775.715,0.939566,1467.92,817.301,0.892451,1447.53,875.208,0.909826,1443.47,676.075,0.641301,1455.71,676.058,0.641018,1443.24,676.069,0.588657,1464.0,676.213,0.622761,1451.43,887.637,0.72746,1467.93,883.516,0.750945,1447.42,875.363,0.76885,1439.0,879.576,0.806172,1430.81,879.444,0.777143,1438.94,875.258,0.780282,169.8900238389529
P02_Med_Front_2,62,0,1447.41,676.419,0.818255,1447.52,709.275,0.937794,1438.85,705.347,0.915947,1414.34,734.33,0.86445,1414.19,771.422,0.882975,1476.22,709.339,1.00006,1480.52,738.492,0.899899,1484.65,771.633,0.915699,1447.39,775.707,0.952627,1439.14,775.642,1.00225,1438.97,817.31,0.937,1438.98,875.159,0.931823,1468.1,775.801,0.946834,1467.91,817.312,0.893763,1451.58,875.119,0.898271,1443.4,676.196,0.766108,1455.66,676.162,0.77976,1443.19,676.255,0.58563,1467.94,676.378,0.724771,1459.8,883.581,0.73544,1472.02,879.465,0.795791,1451.51,875.26,0.741846,1443.03,883.616,0.841867,1434.96,883.506,0.804325,1438.98,875.353,0.817994,169.81204976090478
P02_Med_Front_2,63,0,1451.53,680.234,0.836025,1447.51,709.351,0.949131,1438.82,709.245,0.934579,1414.34,738.397,0.871126,1414.21,775.498,0.913101,1476.24,709.409,1.01244,1480.54,742.494,0.932409,1488.75,771.668,0.890479,1447.42,775.932,0.947886,1439.11,775.894,1.00649,1438.98,825.574,0.911544,1438.95,875.43,0.940487,1468.16,779.717,0.954846,1467.95,825.577,0.875673,1451.6,875.315,0.894245,1447.34,676.223,0.826339,1459.83,676.214,0.809016,1443.25,676.318,0.719135,1468.01,676.435,0.651066,1459.79,887.753,0.730234,1472.01,883.571,0.783204,1451.5,879.214,0.743268,1439.17,891.784,0.838298,1434.89,887.642,0.798167,1438.97,879.441,0.810396,166.18505084693984
P02_Med_Front_2,64,0,1447.48,680.453,0.806808,1447.46,709.467,0.966523,1434.97,709.41,0.954481,1414.28,742.501,0.923548,1410.21,775.7,0.960783,1476.2,709.501,1.02158,1480.48,742.619,0.950616,1484.68,775.565,0.918555,1447.35,779.835,0.947961,1438.99,779.813,0.985344,1438.98,833.787,0.906008,1438.93,879.357,0.928428,1468.12,779.826,0.956099,1463.98,833.81,0.882252,1451.44,875.403,0.908616,1443.45,680.197,0.788542,1455.68,676.452,0.761018,1443.21,680.259,0.640592,1467.91,680.452,0.639244,1455.7,895.992,0.708913,1471.99,887.709,0.758818,1447.44,879.29,0.723162,1443.03,900.007,0.82881,1434.89,895.9,0.777357,1438.91,883.479,0.784654,169.9931304759107
P02_Med_Front_2,65,0,1447.49,684.637,0.735084,1447.46,709.602,0.970052,1434.97,709.594,0.967809,1418.29,742.666,0.930059,1410.3,775.809,0.951586,1476.22,709.608,1.02653,1480.5,742.737,0.942913,1484.64,775.646,0.9236,1447.39,779.958,0.950746,1439.0,779.962,0.997023,1439.06,837.761,0.933242,1439.02,879.231,0.946762,1471.96,779.926,0.965259,1467.93,837.786,0.903517,1451.49,875.373,0.913653,1443.44,680.561,0.734267,1455.7,680.543,0.688519,1443.18,680.571,0.597017,1467.93,684.56,0.5763,1455.73,895.951,0.726803,1468.13,887.653,0.773811,1447.46,879.236,0.739908,1443.13,891.832,0.811235,1438.91,887.785,0.784986,1438.97,879.45,0.826569,169.685338992501
P02_Med_Front_2,66,0,1455.62,688.615,0.741188,1447.42,713.497,0.96648,1434.87,713.512,0.963287,1414.28,746.609,0.961114,1410.21,779.759,0.985001,1476.23,713.518,1.01762,1480.5,746.683,0.9321,1484.7,775.874,0.92193,1447.42,783.97,0.926485,1439.03,783.996,0.97562,1439.25,837.976,0.957901,1439.03,879.376,0.927788,1472.0,780.103,0.953432,1467.94,838.012,0.917489,1451.48,879.224,0.909112,1447.41,680.608,0.771332,1463.88,680.611,0.701907,1443.18,684.547,0.711276,1468.02,684.691,0.440339,1459.74,900.048,0.717669,1468.13,891.802,0.749909,1447.4,879.357,0.728954,1443.22,900.05,0.808896,1438.97,896.035,0.781322,1438.95,883.451,0.822849,165.91615983984204
P02_Med_Front_2,67,0,1455.64,688.748,0.745579,1447.36,713.547,0.975046,1434.8,713.552,0.960219,1414.18,746.667,0.977108,1410.19,779.822,0.968827,1476.21,713.596,1.01546,1480.45,746.704,0.933166,1484.69,775.919,0.920078,1447.41,783.97,0.930403,1438.99,784.003,0.980904,1439.25,841.826,0.965191,1438.96,879.397,0.909291,1472.01,780.111,0.948871,1468.04,841.882,0.933168,1447.41,879.247,0.92727,1447.44,684.525,0.776078,1463.87,684.518,0.700252,1443.16,684.645,0.751659,1467.97,688.663,0.421141,1451.55,904.17,0.748858,1467.97,895.937,0.758003,1443.39,879.31,0.723688,1443.13,900.173,0.811467,1438.87,900.092,0.77018,1438.88,883.453,0.802121,165.89716581364496
P02_Med_Front_2,68,0,1451.57,688.801,0.768847,1447.35,713.637,0.965536,1434.75,713.599,0.951612,1414.12,746.709,0.977748,1410.27,779.902,0.92765,1476.25,713.733,1.00422,1480.5,746.846,0.923311,1488.8,779.808,0.897682,1447.36,784.084,0.930811,1438.93,784.093,0.971058,1439.07,841.965,0.999181,1439.05,883.551,0.888004,1472.01,784.067,0.939788,1467.98,842.016,0.93615,1447.45,879.329,0.900493,1447.34,684.567,0.805534,1459.84,684.566,0.755152,1443.11,684.71,0.738747,1468.0,688.69,0.525347,1451.51,904.197,0.762837,1468.01,895.934,0.770267,1447.37,879.363,0.694418,1443.15,904.332,0.823305,1438.89,904.263,0.776248,1439.03,887.696,0.770852,170.00638900935456
P02_Med_Front_2,69,0,1451.57,692.755,0.771186,1447.38,713.708,0.951687,1434.74,713.698,0.940297,1414.24,746.87,0.960142,1414.11,780.118,0.927189,1476.27,713.762,0.997956,1480.52,746.947,0.907847,1488.78,779.991,0.895744,1447.41,788.206,0.907221,1438.97,788.214,0.955808,1439.14,842.263,1.04876,1443.03,891.877,0.85231,1472.06,788.185,0.925798,1468.0,842.223,0.941694,1451.52,879.579,0.842155,1447.35,684.578,0.80897,1459.83,684.564,0.756171,1443.07,688.671,0.737439,1467.99,688.689,0.5031,1447.53,908.442,0.783905,1467.96,904.258,0.791628,1451.41,883.534,0.653584,1443.31,908.556,0.794377,1439.06,908.506,0.781118,1443.07,896.003,0.755703,178.37174703691161
P02_Med_Front_2,70,0,1451.48,692.797,0.795811,1447.39,713.754,0.944337,1434.72,713.716,0.936297,1414.25,746.919,0.943325,1410.3,784.075,0.914797,1476.29,713.807,0.988496,1480.48,750.871,0.894054,1488.81,783.967,0.85336,1447.38,796.414,0.904121,1438.97,796.396,0.947047,1439.09,846.106,1.03193,1439.11,900.093,0.859832,1472.02,796.42,0.907671,1468.05,846.138,0.943461,1451.56,887.723,0.820291,1447.26,684.599,0.837929,1459.78,684.598,0.801948,1443.02,688.686,0.722042,1468.05,688.673,0.596903,1451.54,912.406,0.739395,1468.03,908.339,0.790725,1451.42,891.828,0.666898,1443.14,912.523,0.83077,1438.86,912.461,0.794917,1439.14,904.14,0.755131,186.42869475753992
P02_Med_Front_2,71,0,1451.44,688.732,0.797543,1447.36,713.655,0.965304,1434.73,713.63,0.948631,1414.24,746.72,0.937855,1414.22,775.845,0.88562,1476.29,713.724,1.00246,1480.48,750.879,0.901049,1488.8,784.072,0.855024,1447.37,792.417,0.907228,1438.98,792.416,0.957386,1439.03,846.203,1.03349,1439.13,904.146,0.892095,1472.02,796.423,0.906937,1468.13,846.236,0.948539,1459.74,891.839,0.814501,1443.43,684.506,0.845727,1459.77,684.51,0.797991,1439.24,684.652,0.718225,1468.01,684.709,0.58589,1455.59,912.489,0.774785,1471.98,908.416,0.839289,1455.66,895.982,0.687438,1443.11,912.668,0.864345,1438.84,912.588,0.828846,1439.19,904.281,0.78922,190.5668026073796
P02_Med_Front_2,72,0,1451.57,688.673,0.759072,1447.36,713.624,0.966577,1434.73,713.608,0.949501,1414.18,746.924,0.95008,1414.19,784.154,0.88983,1476.29,713.697,1.0048,1476.59,750.985,0.897225,1484.77,788.148,0.834383,1447.39,800.547,0.908226,1439.04,800.567,0.970895,1439.0,850.351,0.983024,1439.21,908.316,0.927649,1472.03,800.578,0.907435,1468.15,850.301,0.923773,1459.78,900.099,0.805118,1447.33,680.625,0.79888,1463.82,680.643,0.740802,1443.08,684.556,0.732621,1467.99,684.669,0.502627,1455.62,912.712,0.710215,1468.15,912.471,0.760751,1455.68,904.163,0.687296,1443.12,916.813,0.837717,1438.88,916.706,0.814063,1443.04,908.453,0.799948,194.75953292201137
P02_Med_Front_2,73,0,1447.28,688.622,0.790682,1447.38,713.565,0.965945,1434.76,713.569,0.960923,1414.25,746.896,0.958849,1414.22,784.109,0.886737,1476.29,713.614,1.01078,1476.63,750.844,0.909717,1484.77,784.118,0.846176,1447.37,792.299,0.908192,1438.98,792.354,0.957616,1439.02,846.263,1.02374,1439.19,904.115,0.896764,1472.03,792.265,0.915389,1471.99,846.205,0.949073,1467.91,891.844,0.83279,1443.23,680.587,0.817812,1451.53,680.606,0.77787,1439.18,684.535,0.566533,1467.92,684.574,0.687375,1455.71,912.452,0.79377,1472.07,908.436,0.861714,1463.87,896.046,0.724065,1439.21,912.58,0.86678,1434.93,912.46,0.833467,1443.05,904.245,0.808711,190.59748953226014
P02_Med_Front_2,74,0,1447.38,688.64,0.643131,1447.42,713.464,0.969358,1434.8,713.506,0.944108,1414.26,746.875,0.942071,1418.3,784.112,0.889518,1476.31,713.468,1.01058,1480.54,750.784,0.905257,1488.83,784.143,0.830556,1447.52,788.139,0.885107,1439.12,788.192,0.955521,1439.09,846.095,1.03878,1443.02,900.044,0.894139,1472.13,784.208,0.927562,1472.0,846.038,0.951448,1467.95,891.815,0.839971,1443.34,684.473,0.629824,1451.6,680.631,0.610399,1443.16,680.622,0.563473,1463.92,684.49,0.606491,1459.75,908.468,0.810475,1472.03,908.323,0.865159,1463.94,900.018,0.738485,1443.03,908.522,0.843773,1438.92,908.441,0.821006,1443.19,904.121,0.815623,186.71902378707964
P02_Med_Front_2,75,0,1451.51,688.705,0.693463,1447.41,713.542,0.973041,1434.76,713.588,0.947204,1414.25,746.922,0.94535,1418.35,784.186,0.913633,1476.33,713.546,1.0186,1480.64,750.873,0.883578,1492.92,784.16,0.83072,1451.47,788.236,0.872907,1439.12,792.256,0.950286,1439.15,846.123,1.02989,1443.08,895.975,0.885451,1472.19,788.185,0.921222,1472.04,846.059,0.954532,1468.07,887.794,0.853762,1447.3,684.48,0.713485,1459.78,684.469,0.656008,1443.14,684.496,0.681497,1467.96,684.619,0.523523,1459.82,908.524,0.814866,1472.12,908.39,0.882269,1467.9,896.005,0.742191,1443.09,908.478,0.860863,1438.95,908.397,0.826376,1443.21,900.102,0.805863,182.57666928991782
P02_Med_Front_2,76,0,1455.71,692.787,0.670714,1447.43,713.593,0.962216,1434.76,713.643,0.944705,1414.18,750.795,0.933051,1418.37,788.175,0.897931,1476.38,713.635,1.00674,1480.65,750.883,0.877098,1488.77,788.127,0.827477,1447.53,792.289,0.869821,1439.08,792.349,0.944889,1439.17,846.177,0.992178,1443.07,900.036,0.863735,1472.16,788.301,0.912532,1472.08,846.19,0.958905,1468.1,900.159,0.869918,1451.42,684.598,0.68277,1463.91,684.581,0.618265,1443.31,684.572,0.706345,1468.02,684.716,0.456878,1463.91,912.633,0.786063,1472.26,912.499,0.868172,1468.0,904.28,0.743082,1443.15,908.538,0.826333,1438.96,908.476,0.789716,1443.17,904.146,0.766275,186.57815131735003
P02_Med_Front_2,77,0,1459.7,688.746,0.741233,1447.43,713.685,0.956087,1434.76,713.686,0.94408,1414.13,750.905,0.941665,1418.44,792.328,0.872456,1476.38,713.753,0.999388,1480.67,751.051,0.863443,1488.82,788.267,0.805645,1447.53,800.519,0.875743,1439.08,800.54,0.94441,1439.18,850.354,0.962089,1443.19,904.327,0.898766,1472.15,800.529,0.916392,1472.14,846.402,0.961055,1468.17,908.349,0.925064,1447.5,684.5,0.772141,1467.89,684.484,0.72979,1443.19,684.584,0.740558,1468.12,684.714,0.464682,1463.85,920.85,0.75095,1472.27,916.812,0.811019,1468.05,908.549,0.785615,1443.15,912.641,0.833548,1438.97,912.562,0.805848,1443.32,908.301,0.783479,190.82729307151004
P02_Med_Front_2,78,0,1464.0,692.859,0.746993,1447.47,713.804,0.935225,1434.79,713.772,0.933188,1410.31,750.988,0.916488,1422.54,788.292,0.861981,1476.42,717.641,0.980738,1480.64,754.948,0.862027,1488.74,792.324,0.797836,1447.5,800.672,0.886083,1439.09,800.66,0.947209,1439.13,850.468,0.942716,1443.22,908.221,0.911809,1472.12,804.602,0.923198,1472.07,850.295,0.941022,1468.14,908.476,0.934202,1455.62,684.639,0.747016,1468.14,684.621,0.688676,1443.29,688.666,0.768125,1472.15,684.711,0.291799,1455.64,925.066,0.767619,1472.11,924.979,0.807408,1468.08,912.471,0.808159,1443.05,912.716,0.826186,1438.9,912.62,0.805323,1443.4,908.367,0.756449,194.63164825125432
P02_Med_Front_2,79,0,1463.86,692.876,0.764814,1447.52,717.875,0.896167,1434.75,717.757,0.898218,1410.22,759.228,0.896934,1422.55,796.461,0.839951,1476.49,717.885,0.939686,1484.59,763.322,0.839382,1488.9,800.595,0.827613,1447.5,808.863,0.935762,1439.06,808.824,0.979741,1438.91,862.83,0.885595,1439.12,908.414,0.899715,1472.11,808.937,0.975319,1472.04,866.891,0.894612,1468.16,916.623,0.905308,1451.5,684.635,0.775487,1468.08,684.659,0.76493,1443.19,688.771,0.744207,1472.16,692.786,0.441552,1455.67,937.346,0.804309,1472.09,937.405,0.875445,1468.06,920.839,0.800924,1438.97,916.787,0.804716,1430.8,916.62,0.784302,1443.07,908.562,0.772908,190.70707524630546
P02_Med_Front_2,80,0,1468.1,696.999,0.78192,1451.48,721.967,0.871582,1434.86,717.874,0.887112,1410.25,763.322,0.89034,1430.71,796.501,0.842235,1476.5,725.929,0.926256,1480.54,767.479,0.862287,1484.71,804.601,0.82316,1451.46,808.961,0.925838,1439.12,808.926,0.977024,1439.01,867.005,0.91225,1443.0,908.528,0.91038,1472.15,809.033,0.976893,1472.04,870.934,0.893749,1471.99,916.718,0.895818,1459.86,688.693,0.745519,1472.12,688.698,0.701576,1443.44,692.909,0.758372,1472.39,696.911,0.259488,1463.88,937.4,0.803679,1472.23,937.409,0.871613,1468.1,920.935,0.766499,1439.2,920.876,0.799359,1434.97,916.784,0.784727,1443.21,912.452,0.787186,190.82769011859887
P02_Med_Front_2,81,0,1471.98,705.241,0.667062,1451.47,734.262,0.872329,1434.87,730.134,0.865627,1410.27,771.433,0.896193,1434.79,804.61,0.870582,1476.47,730.219,0.917283,1484.61,771.518,0.864249,1497.05,804.814,0.890477,1451.57,809.013,0.917382,1439.21,809.004,0.96724,1439.14,867.013,0.911941,1443.26,908.525,0.895059,1472.18,809.07,0.980234,1472.06,870.983,0.894506,1468.15,916.799,0.869242,1463.97,701.073,0.606158,1472.11,701.018,0.489424,1447.44,701.15,0.734187,1472.22,701.051,0.211448,1463.83,937.469,0.763868,1472.17,937.468,0.830206,1468.09,924.952,0.751251,1443.13,920.827,0.762916,1439.01,916.8,0.76644,1443.44,912.431,0.736972,178.5881882460315
P02_Med_Front_2,82,0,1463.92,709.297,0.553477,1451.6,738.284,0.872304,1434.99,734.263,0.872267,1414.11,771.514,0.894151,1430.69,804.706,0.869407,1476.54,734.278,0.91719,1484.71,771.6,0.870125,1497.03,804.67,0.861901,1455.59,809.044,0.921034,1439.26,809.022,0.979459,1439.18,866.951,0.909468,1443.21,908.392,0.909533,1472.22,809.098,0.990528,1472.16,870.994,0.910639,1468.16,916.787,0.87734,1455.62,705.205,0.489134,1468.07,705.187,0.492741,1447.46,705.163,0.615621,1471.99,705.209,0.490925,1463.85,937.472,0.783067,1472.18,941.327,0.853079,1468.05,924.973,0.769321,1443.06,916.726,0.817939,1438.94,912.774,0.811077,1443.36,908.548,0.784665,174.32291025851995
P02_Med_Front_2,83,0,1468.06,709.441,0.694424,1455.59,738.415,0.894479,1434.95,738.363,0.893686,1414.12,771.655,0.909928,1430.66,808.644,0.890599,1476.6,738.298,0.926745,1488.76,775.505,0.873179,1501.12,808.699,0.886193,1455.64,812.859,0.920976,1439.24,809.102,0.980561,1439.13,870.945,0.907089,1443.15,908.442,0.915572,1472.27,812.893,0.996051,1472.19,871.085,0.919931,1468.0,920.781,0.861235,1463.82,709.166,0.618129,1472.09,705.346,0.603706,1447.41,705.302,0.714675,1472.13,709.159,0.40439,1455.72,941.378,0.793934,1472.07,941.383,0.847273,1463.97,924.982,0.776141,1443.03,916.769,0.825245,1438.9,916.658,0.814041,1443.3,908.576,0.787738,170.27655810768547
P02_Med_Front_2,84,0,1467.91,709.444,0.646424,1455.73,738.505,0.899094,1438.81,738.49,0.910015,1414.29,771.66,0.895087,1430.81,808.71,0.909961,1480.47,738.349,0.917277,1492.91,775.595,0.88111,1501.18,808.725,0.872002,1459.77,812.926,0.927716,1443.08,812.925,0.98327,1439.19,871.091,0.918547,1443.3,908.409,0.883665,1472.36,812.95,1.00962,1472.22,875.071,0.933522,1467.97,933.236,0.861611,1455.71,709.19,0.572281,1471.98,709.173,0.595384,1447.41,705.345,0.644832,1472.1,709.217,0.522758,1455.69,941.743,0.821621,1472.09,941.733,0.88822,1463.99,937.359,0.811334,1443.13,920.844,0.79926,1439.0,916.796,0.788173,1443.45,908.52,0.752511,169.97831232542578
P02_Med_Front_2,85,0,1455.7,709.49,0.672087,1459.72,742.326,0.902824,1438.84,742.333,0.919727,1414.33,775.533,0.897989,1430.76,808.92,0.931031,1480.49,738.402,0.924553,1492.96,775.709,0.904715,1501.2,808.92,0.900504,1463.82,813.009,0.933969,1443.16,813.026,0.986629,1443.05,875.086,0.942217,1443.23,912.424,0.898651,1476.17,813.019,1.0226,1472.32,875.21,0.950359,1468.05,929.196,0.860002,1447.53,709.261,0.58916,1467.92,709.22,0.657441,1443.44,709.239,0.554264,1472.05,709.247,0.700572,1459.86,941.743,0.813945,1472.21,941.717,0.887551,1467.91,937.318,0.785048,1443.16,925.057,0.796018,1439.02,920.903,0.782532,1443.36,912.571,0.766737,170.1476428899325
P02_Med_Front_2,86,0,1455.66,709.441,0.48116,1463.84,738.521,0.895816,1439.0,738.499,0.915986,1418.37,775.528,0.881813,1430.7,809.072,0.935094,1480.54,738.328,0.893489,1497.13,775.632,0.889599,1501.3,808.993,0.924964,1463.95,813.183,0.914057,1443.27,813.202,0.958427,1443.23,875.299,0.968626,1443.32,912.746,0.89064,1476.25,813.177,0.983763,1476.17,875.362,0.958044,1471.97,933.213,0.871803,1447.49,709.301,0.374564,1463.89,709.19,0.453891,1447.53,705.328,0.419896,1468.14,709.202,0.635077,1467.98,945.614,0.791819,1472.35,941.736,0.849796,1468.01,937.324,0.780162,1443.33,933.353,0.79324,1439.18,929.215,0.766267,1443.43,916.779,0.761368,174.30054334109226
P02_Med_Front_2,87,0,1455.64,705.288,0.422639,1463.94,738.419,0.893289,1439.11,738.365,0.897297,1418.32,775.536,0.883321,1430.71,812.967,0.955455,1480.56,738.256,0.878853,1501.09,775.687,0.895936,1501.28,812.946,0.906159,1467.94,813.268,0.914014,1443.33,813.273,0.935772,1443.19,875.314,0.945959,1443.3,912.459,0.909999,1476.32,813.265,0.974126,1476.24,879.218,0.956764,1468.15,937.349,0.885125,1451.46,705.275,0.266134,1463.87,701.093,0.401978,1459.77,701.088,0.346376,1468.1,705.17,0.667272,1464.01,945.783,0.801665,1472.35,945.744,0.853868,1467.99,941.403,0.807563,1443.31,933.198,0.791696,1439.15,924.997,0.783088,1443.37,912.581,0.778425,174.14441402468233
P02_Med_Front_2,88,0,1455.64,705.323,0.596446,1464.01,738.498,0.905723,1439.08,738.453,0.923442,1426.57,775.637,0.893374,1430.72,813.063,0.945115,1480.66,738.381,0.888159,1501.2,775.778,0.914694,1505.19,813.147,0.924615,1467.94,813.305,0.907476,1443.31,813.296,0.947071,1443.28,875.44,0.942438,1443.44,912.685,0.863679,1476.36,813.311,0.958111,1476.26,879.285,0.95777,1468.11,933.346,0.876991,1451.46,705.127,0.433207,1463.98,701.111,0.577199,1447.52,705.128,0.383663,1472.06,705.208,0.739495,1467.93,945.827,0.813169,1472.37,945.728,0.870606,1467.98,937.442,0.77301,1447.36,937.337,0.74357,1443.16,933.258,0.731356,1447.29,916.7,0.734872,174.2865440130132
P02_Med_Front_2,89,0,1455.63,709.173,0.61907,1467.95,738.399,0.898663,1439.08,738.37,0.932832,1426.59,775.565,0.898689,1430.65,812.917,0.930748,1484.59,738.292,0.871259,1505.16,775.665,0.930384,1505.29,813.034,0.965109,1467.99,813.053,0.928289,1443.37,813.048,0.955936,1443.17,871.139,0.928194,1443.42,912.457,0.913572,1476.41,813.057,0.96623,1476.28,875.135,0.959465,1472.03,929.136,0.891277,1447.53,705.173,0.450451,1463.97,701.194,0.592758,1447.49,705.103,0.334754,1472.11,705.223,0.753827,1464.01,945.596,0.818455,1472.35,945.552,0.887213,1468.09,937.292,0.790565,1443.32,929.164,0.848687,1439.15,925.043,0.828517,1447.34,912.646,0.783568,174.14108983522527
P02_Med_Front_2,90,0,1455.69,709.18,0.45229,1467.99,738.37,0.887095,1439.12,738.327,0.909793,1426.6,771.683,0.868201,1422.54,809.05,0.913651,1484.64,734.313,0.851718,1505.17,775.685,0.925168,1505.28,813.064,0.953354,1468.05,813.037,0.927134,1443.46,813.021,0.935808,1443.16,875.008,0.957931,1443.31,916.694,0.911223,1476.39,813.039,0.948915,1472.39,875.126,0.956863,1468.17,924.937,0.875008,1451.48,705.233,0.304751,1463.92,705.097,0.424212,1451.61,701.098,0.331775,1472.0,705.194,0.67407,1463.92,941.551,0.812457,1472.21,941.534,0.874393,1468.0,929.192,0.756756,1443.22,937.301,0.814255,1439.12,933.254,0.790515,1443.44,920.922,0.774155,178.41620663213303
P02_Med_Front_2,91,0,1459.79,709.337,0.634585,1468.04,738.408,0.91065,1439.08,738.383,0.942084,1426.62,771.682,0.876743,1422.56,808.93,0.909208,1488.79,738.278,0.849982,1505.26,775.554,0.918139,1505.24,813.037,0.964648,1468.06,813.04,0.933025,1443.43,813.006,0.950539,1443.16,875.094,0.976966,1443.2,920.963,0.891566,1476.45,813.068,0.951671,1472.42,875.267,0.980864,1468.1,929.132,0.868944,1451.59,705.342,0.505587,1468.03,705.278,0.621483,1447.48,705.26,0.412907,1472.19,705.267,0.718411,1463.94,941.737,0.842282,1472.22,941.679,0.906797,1467.97,933.319,0.754368,1443.23,941.501,0.854672,1439.06,941.396,0.817305,1443.35,933.186,0.79813,182.62647891256069
P02_Med_Front_2,92,0,1451.54,709.288,0.597641,1467.97,738.51,0.910052,1439.06,738.468,0.932773,1422.54,775.634,0.887705,1418.42,809.093,0.934363,1488.73,738.404,0.857018,1505.23,775.665,0.925186,1505.22,813.18,0.949345,1468.04,813.193,0.921288,1443.38,813.168,0.951108,1443.12,875.344,1.00309,1443.05,937.293,0.910906,1476.48,813.225,0.943273,1472.39,879.244,0.987727,1468.08,937.365,0.878273,1447.42,705.32,0.411179,1463.85,705.219,0.563551,1447.48,705.198,0.280565,1472.09,705.303,0.749531,1464.01,945.816,0.779314,1472.29,945.708,0.850863,1467.94,941.37,0.740127,1443.22,945.728,0.87668,1438.97,945.644,0.834588,1443.14,937.501,0.828212,198.8650314283535
P02_Med_Front_2,93,0,1463.88,709.498,0.682886,1467.98,742.4,0.932552,1439.1,742.38,0.95814,1422.47,775.773,0.917055,1418.33,813.007,0.948482,1484.75,742.34,0.872602,1505.25,775.849,0.936521,1505.26,813.285,0.924138,1468.12,813.228,0.923166,1443.45,813.215,0.933394,1443.16,875.375,0.995209,1443.04,937.301,0.904651,1476.54,813.249,0.930882,1472.34,879.186,0.986057,1467.95,929.217,0.84504,1455.62,709.245,0.56523,1468.14,709.214,0.677843,1447.45,709.214,0.481234,1472.24,709.215,0.722409,1467.99,945.736,0.744251,1472.34,945.571,0.818334,1463.85,933.346,0.696723,1447.3,945.799,0.892755,1439.14,945.777,0.870544,1443.09,937.489,0.820533,194.96081616827527
P02_Med_Front_2,94,0,1451.59,709.549,0.734481,1467.9,742.512,0.937565,1439.07,742.455,0.955952,1418.35,775.923,0.911709,1414.22,813.168,0.961628,1484.7,742.513,0.890219,1505.24,779.716,0.931613,1505.21,817.131,0.928864,1467.95,817.374,0.864073,1443.33,821.296,0.907532,1443.18,883.468,0.960865,1443.13,945.723,0.937601,1476.36,821.285,0.907453,1472.2,879.624,0.932982,1463.94,941.513,0.865661,1447.44,709.343,0.573221,1463.97,709.274,0.729311,1447.35,709.31,0.352947,1472.21,709.309,0.83059,1467.99,958.219,0.676165,1472.39,953.959,0.70908,1459.78,941.632,0.637636,1447.44,966.441,0.837223,1439.21,966.451,0.834237,1443.21,949.84,0.778316,203.3085424275133
P02_Med_Front_2,95,0,1455.61,713.563,0.41173,1467.93,742.627,0.939108,1443.11,742.666,0.866215,1418.35,779.949,0.831882,1414.26,817.125,0.883815,1480.53,742.639,0.826032,1505.24,779.886,0.80948,1505.17,817.336,0.833325,1467.99,829.571,0.830263,1447.46,829.623,0.817685,1443.28,887.713,0.902567,1443.11,949.813,0.897521,1472.36,829.59,0.831154,1472.09,887.639,0.862437,1459.76,941.731,0.839944,1451.55,713.398,0.293037,1459.8,709.584,0.414069,1463.92,709.47,0.454079,1468.0,709.543,0.73912,1468.04,962.261,0.599881,1472.29,954.043,0.612749,1455.62,945.703,0.597114,1451.48,970.589,0.796477,1443.1,970.625,0.800687,1443.13,954.1,0.752674,207.14699999999993
P02_Med_Front_2,96,0,1455.59,713.642,0.771858,1467.91,742.764,0.948593,1439.02,746.531,0.995013,1418.3,780.138,0.895721,1414.18,821.421,0.904917,1484.75,742.756,0.902199,1505.27,780.054,0.932983,1505.19,817.287,0.915706,1467.98,833.852,0.871858,1443.36,837.752,0.892506,1443.19,895.886,0.915377,1443.07,949.967,0.906141,1476.42,837.758,0.901174,1472.36,891.874,0.889867,1467.91,941.705,0.873433,1447.51,713.375,0.697461,1463.97,709.616,0.78001,1447.38,713.442,0.453897,1472.19,713.425,0.813465,1468.09,962.274,0.676687,1476.18,954.069,0.707765,1463.81,945.65,0.684238,1447.44,974.541,0.858584,1439.21,974.562,0.853262,1443.14,958.164,0.783726,203.47630966773505
P02_Med_Front_2,97,0,1455.72,717.631,0.738413,1467.91,746.773,0.934102,1438.96,746.781,1.00262,1414.36,788.143,0.884055,1414.11,833.777,0.927149,1488.77,746.756,0.911631,1505.23,784.115,0.899097,1505.17,821.389,0.894472,1467.95,837.993,0.907316,1443.29,837.968,0.936875,1443.29,895.946,0.915592,1443.07,945.769,0.923888,1476.4,841.832,0.937053,1472.36,895.992,0.893992,1463.97,941.644,0.898312,1451.45,713.556,0.703061,1467.92,713.506,0.759963,1447.32,713.647,0.502755,1472.19,713.587,0.737807,1468.11,962.302,0.720523,1476.2,954.067,0.749988,1459.71,945.57,0.699065,1447.47,966.451,0.857584,1443.07,966.471,0.843845,1443.07,949.823,0.80251,199.03044049592017
P02_Med_Front_2,98,0,1463.83,717.831,0.716937,1464.01,746.886,0.915077,1438.94,746.867,0.988303,1414.3,788.205,0.887462,1414.12,837.793,0.942261,1488.78,746.88,0.90226,1505.24,788.12,0.887146,1505.14,829.563,0.875472,1464.0,841.902,0.917109,1443.24,841.869,0.960045,1443.26,904.089,0.930602,1443.32,954.009,0.873441,1476.36,841.93,0.953214,1472.41,900.109,0.88879,1463.9,941.645,0.876426,1451.57,713.714,0.697818,1468.07,713.688,0.744779,1447.35,713.8,0.541318,1472.31,713.788,0.675225,1467.94,970.465,0.664768,1472.34,962.314,0.690839,1455.66,945.604,0.65165,1455.7,974.816,0.850077,1443.24,974.884,0.8749,1443.34,962.28,0.790299,207.18830218909565
P02_Med_Front_2,99,0,1463.97,717.826,0.819479,1467.9,746.952,0.913597,1438.93,746.927,0.983731,1418.3,792.255,0.865172,1414.1,837.889,0.943976,1488.77,746.928,0.905588,1505.2,788.225,0.881957,1505.15,833.828,0.903275,1467.93,841.961,0.936838,1443.25,841.925,0.971306,1443.26,908.158,0.971063,1447.34,970.63,0.89029,1476.41,841.988,0.969975,1476.34,904.165,0.88349,1463.99,941.621,0.856853,1455.58,713.676,0.815961,1471.98,713.685,0.858078,1443.4,717.627,0.710506,1472.4,713.787,0.6899,1468.13,966.423,0.597503,1476.2,958.154,0.617409,1459.7,945.602,0.63708,1463.99,983.06,0.857503,1443.41,983.127,0.873266,1447.4,974.681,0.863882,223.8610290090707
P02_Med_Front_2,100,0,1467.93,717.833,0.793735,1463.93,750.823,0.90022,1438.85,750.823,0.94908,1414.3,800.525,0.874594,1414.16,841.978,0.971729,1488.79,746.962,0.903525,1505.15,796.398,0.865711,1505.18,837.88,0.910694,1467.91,842.141,0.945001,1443.23,842.127,0.983126,1443.27,908.328,1.00034,1447.32,974.599,0.90886,1476.4,842.145,0.971769,1476.24,908.241,0.93314,1467.94,945.778,0.850418,1455.61,713.698,0.784161,1472.02,713.691,0.825817,1443.34,717.63,0.744492,1472.39,713.811,0.61084,1468.11,974.6,0.607626,1472.38,970.498,0.630228,1459.8,949.797,0.647845,1463.91,983.153,0.864905,1443.41,983.174,0.874052,1447.36,974.799,0.871853,223.93623886276205
P02_Med_Front_2,101,0,1463.94,721.8,0.771532,1463.94,750.839,0.899117,1438.8,750.836,0.936015,1414.26,800.664,0.891534,1414.14,842.182,0.997664,1488.85,746.956,0.900789,1505.17,796.494,0.865167,1505.21,841.854,0.928853,1467.92,842.248,0.946381,1443.21,842.241,0.98049,1443.29,908.423,0.995174,1447.36,974.589,0.901117,1476.45,842.245,0.972637,1476.41,908.327,0.923442,1468.06,945.764,0.858747,1451.56,713.761,0.774006,1468.14,713.752,0.80527,1443.29,717.679,0.709836,1472.32,717.622,0.614437,1468.14,974.605,0.606131,1476.2,970.49,0.632826,1463.88,945.913,0.653743,1463.94,983.125,0.851978,1447.31,983.129,0.847561,1447.42,974.792,0.855482,223.91667782682026
P02_Med_Front_2,102,0,1467.96,717.817,0.80464,1463.91,750.871,0.894162,1434.97,750.861,0.929016,1414.23,804.645,0.904996,1414.14,842.219,1.00373,1488.8,746.969,0.900159,1501.31,800.513,0.862997,1505.22,841.928,0.939053,1463.94,846.082,0.937744,1443.11,846.121,0.985504,1443.21,908.554,0.987856,1447.35,974.706,0.911664,1476.41,846.082,0.98215,1476.49,908.451,0.929012,1468.0,945.665,0.835908,1455.62,713.675,0.797133,1472.05,713.66,0.83317,1443.3,713.805,0.785888,1472.39,713.768,0.554008,1467.95,970.675,0.561738,1472.3,970.479,0.596312,1459.85,945.822,0.632018,1463.93,987.163,0.835557,1443.42,987.17,0.839361,1447.43,978.73,0.826646,224.1870835373885
P02_Med_Front_2,103,0,1459.83,717.881,0.719509,1463.87,750.817,0.892072,1434.95,750.848,0.922175,1414.24,804.597,0.892109,1414.19,842.248,0.997205,1488.79,746.925,0.904863,1501.32,800.551,0.864109,1505.24,842.045,0.949413,1463.95,846.216,0.92087,1443.1,846.272,0.969339,1443.18,912.492,0.994459,1447.36,978.779,0.924139,1476.44,846.207,0.967758,1476.58,912.435,0.930478,1468.06,949.839,0.823762,1451.42,713.724,0.724452,1468.04,713.685,0.75232,1443.25,717.673,0.639834,1472.26,713.765,0.62175,1468.1,974.814,0.574966,1476.27,974.554,0.607136,1463.93,949.889,0.624623,1463.94,995.517,0.841729,1443.43,995.508,0.846102,1447.42,979.002,0.820126,228.2685892999736
P02_Med_Front_2,104,0,1459.86,717.82,0.714984,1463.94,746.927,0.909443,1434.99,746.966,0.945195,1414.29,804.611,0.892331,1414.25,842.261,1.00373,1488.88,746.884,0.909215,1505.17,800.549,0.874091,1505.26,842.081,0.951936,1464.0,842.259,0.923138,1443.16,846.043,0.970562,1443.09,908.552,1.0067,1447.36,974.642,0.914536,1476.42,842.229,0.965555,1476.44,908.412,0.94864,1472.3,949.914,0.878532,1451.5,713.675,0.704701,1468.07,713.639,0.745771,1443.38,713.746,0.619022,1472.31,713.695,0.646016,1472.36,974.802,0.689416,1480.47,970.66,0.697768,1472.07,949.99,0.715868,1459.71,987.232,0.836859,1443.31,987.197,0.871214,1451.42,974.81,0.846509,228.011793282716
P02_Med_Front_2,105,0,1459.86,717.688,0.75134,1463.93,746.891,0.914581,1438.8,746.925,0.956777,1414.28,800.62,0.888873,1418.28,842.149,0.990437,1488.79,746.856,0.9145,1505.19,796.404,0.8647,1505.29,842.007,0.924258,1467.93,842.155,0.929186,1443.22,842.177,0.959678,1443.1,908.343,0.986211,1447.44,970.549,0.885562,1476.43,842.127,0.961222,1476.47,908.22,0.92759,1472.32,953.985,0.904578,1451.52,713.559,0.744252,1468.06,713.544,0.779637,1443.41,713.68,0.644757,1472.3,713.647,0.674702,1472.25,978.779,0.72384,1476.55,974.741,0.751509,1472.08,958.152,0.742272,1455.72,983.075,0.838769,1443.35,983.07,0.859194,1451.51,974.611,0.820338,223.79084649734898
P02_Med_Front_2,106,0,1463.85,717.729,0.687519,1463.86,746.879,0.904864,1434.98,746.932,0.942865,1414.24,800.65,0.886649,1422.47,842.231,0.964934,1488.76,746.851,0.911977,1501.3,800.585,0.876816,1505.27,842.116,0.96094,1463.94,842.198,0.918427,1443.14,842.233,0.959248,1443.25,908.477,0.983452,1447.52,974.591,0.899914,1476.38,842.16,0.967364,1476.45,908.229,0.934885,1472.36,958.179,0.904843,1451.57,713.58,0.672448,1468.08,713.565,0.710074,1443.44,713.684,0.631748,1472.29,713.619,0.622766,1476.24,978.924,0.722226,1480.55,974.869,0.742506,1472.14,966.397,0.753099,1459.75,987.24,0.843972,1443.41,987.203,0.858197,1451.59,974.812,0.813812,228.00410496523958
P02_Med_Front_2,107,0,1467.94,717.775,0.761057,1463.84,750.875,0.886173,1434.94,750.912,0.91457,1414.11,804.6,0.904518,1426.55,842.213,0.969531,1484.77,746.982,0.895641,1501.19,804.605,0.86579,1505.3,842.088,0.95424,1463.96,846.053,0.930973,1443.14,846.122,0.97065,1443.25,908.568,1.00112,1447.45,974.532,0.907369,1476.4,842.269,0.985501,1476.48,908.401,0.966273,1476.18,966.514,0.928887,1455.63,713.617,0.75009,1472.04,713.619,0.791405,1443.4,713.792,0.72127,1476.2,713.723,0.601287,1476.27,982.983,0.745832,1480.64,978.891,0.758294,1472.25,970.601,0.788957,1455.66,983.167,0.845792,1443.37,983.137,0.84974,1451.46,974.732,0.835542,223.9696508458233
P02_Med_Front_2,108,0,1468.03,717.875,0.831742,1467.94,750.989,0.892512,1438.84,750.988,0.923575,1410.28,804.75,0.935253,1430.74,846.047,0.975703,1492.96,750.902,0.887842,1501.32,804.702,0.882045,1505.3,842.23,0.926661,1467.99,846.252,0.940198,1443.19,846.306,0.962819,1443.33,912.445,0.976762,1447.37,974.705,0.922087,1476.55,846.224,0.982329,1476.49,912.378,0.978387,1472.4,974.845,0.99055,1455.72,713.713,0.822179,1472.15,713.693,0.880492,1443.4,717.713,0.814024,1476.34,713.777,0.640168,1472.34,999.538,0.793532,1484.6,987.271,0.758753,1472.27,978.843,0.780841,1451.59,987.196,0.834777,1443.26,987.137,0.84753,1451.43,978.715,0.782966,223.87955911382352
P02_Med_Front_2,109,0,1468.05,734.186,0.798595,1467.95,759.234,0.867182,1434.99,763.302,0.874823,1410.25,808.707,0.931695,1430.71,846.081,0.956173,1492.99,755.073,0.860669,1501.21,804.817,0.853943,1505.17,842.233,0.900362,1467.96,850.295,0.902188,1443.18,850.375,0.937266,1443.31,912.772,0.940816,1447.42,974.786,0.914005,1476.53,846.457,0.9529,1476.51,912.726,0.939703,1476.2,979.121,0.963503,1459.72,721.835,0.766948,1472.17,721.811,0.824147,1443.44,725.949,0.748884,1476.28,721.814,0.584066,1472.23,1007.77,0.8613,1480.49,1007.7,0.829199,1472.39,987.257,0.775151,1447.43,991.279,0.840356,1443.11,987.203,0.844749,1451.52,978.776,0.743991,211.8489725157995
P02_Med_Front_2,110,0,1467.96,738.497,0.741734,1463.96,767.501,0.869766,1434.94,771.487,0.891682,1410.21,808.948,0.935579,1430.69,846.097,0.942648,1492.91,763.341,0.84304,1501.23,808.815,0.874925,1505.14,846.33,0.874311,1464.0,858.658,0.854788,1443.16,858.731,0.899215,1443.18,925.024,0.904988,1443.43,978.783,0.92312,1476.47,858.641,0.912234,1476.31,929.061,0.885569,1476.23,995.518,0.892838,1455.73,734.177,0.669332,1472.12,734.182,0.72593,1447.28,730.196,0.682699,1472.41,734.177,0.572262,1472.16,1012.04,0.845103,1480.45,1011.95,0.837256,1476.25,1003.71,0.768621,1443.36,999.617,0.804076,1439.1,995.393,0.790685,1447.44,978.942,0.773991,207.46978506760934
P02_Med_Front_2,111,0,0.0,0.0,0.0,1467.93,771.568,0.881048,1492.89,771.499,0.813747,1505.42,809.075,0.864831,1492.92,846.356,0.519066,1438.87,771.619,0.884743,1414.18,812.91,0.850021,1434.84,846.144,0.839183,1467.94,866.968,0.861863,1476.42,870.947,0.877348,1476.21,937.443,0.924538,1476.3,1003.76,0.836144,1443.32,866.932,0.851922,1447.3,933.215,0.844939,1451.45,979.069,0.805422,0.0,0.0,0.0,0.0,0.0,0.0,1476.29,738.345,0.687546,1447.38,734.302,0.718987,1443.43,987.239,0.596575,1443.15,987.253,0.626919,1459.74,991.274,0.721923,1472.26,1008.03,0.562322,1480.49,1011.91,0.553667,1476.38,1007.99,0.812298,232.85274364069664
P02_Med_Front_2,112,0,1468.05,742.599,0.222615,1467.94,775.604,0.899668,1488.73,775.624,0.575668,1505.45,813.268,0.511423,0.0,0.0,0.0,1451.55,775.674,0.66073,1418.39,813.199,0.49175,1443.3,850.483,0.55377,1468.13,871.086,0.886992,1468.09,871.145,0.794252,1459.8,933.332,0.809755,1455.74,978.99,0.761751,1468.01,871.081,0.796437,1472.03,937.318,0.8431,1472.27,995.512,0.811787,1468.09,742.32,0.222905,1468.12,738.46,0.163753,1472.13,738.407,0.711024,1455.58,738.321,0.598236,1468.13,1011.96,0.718011,1472.33,1012.0,0.738109,1476.2,1003.75,0.748651,1443.37,991.32,0.553091,1443.38,987.214,0.530627,1463.87,987.171,0.57777,206.0244404336534
P02_Med_Front_2,113,0,1472.23,746.602,0.744676,1468.01,775.783,0.956166,1438.95,775.912,0.964601,1414.22,821.453,0.875619,1438.88,862.788,0.889084,1493.03,775.701,0.886047,1505.31,817.22,0.889601,1505.28,866.918,0.815323,1468.13,875.055,0.926718,1443.41,875.049,0.8969,1443.31,933.345,0.878164,1447.3,974.848,0.875069,1476.57,875.049,0.924107,1476.47,941.419,0.917561,1476.2,1007.9,0.931868,1468.11,742.522,0.702767,1476.19,742.52,0.662371,1451.61,742.499,0.746589,1476.3,742.473,0.397796,1472.15,1024.51,0.835753,1476.58,1020.37,0.81098,1476.2,1011.95,0.783368,1443.21,999.594,0.795654,1438.97,987.278,0.780779,1447.47,974.889,0.768617,199.11116140487945
P02_Med_Front_2,114,0,1472.12,746.789,0.812835,1468.11,775.934,0.969774,1438.98,779.752,1.01042,1418.3,821.399,0.87766,1434.96,862.875,0.917421,1497.13,775.874,0.915186,1505.4,821.283,0.90099,1505.39,871.04,0.865448,1471.98,875.107,0.947209,1443.41,875.045,0.911665,1443.21,933.306,0.877126,1447.45,974.758,0.84907,1480.48,875.153,0.938868,1476.59,941.727,0.920103,1472.31,1012.12,0.945731,1467.96,742.721,0.753428,1472.4,742.714,0.788018,1451.48,742.74,0.73708,1476.43,742.65,0.541456,1468.15,1032.77,0.828607,1476.39,1032.83,0.858921,1472.24,1016.22,0.80925,1443.15,999.539,0.791964,1438.98,987.188,0.785973,1451.48,974.786,0.742276,195.18985869148025
P02_Med_Front_2,115,0,1472.3,746.783,0.837687,1468.15,779.743,0.972365,1439.0,779.825,1.01411,1418.43,821.431,0.856285,1434.99,871.161,0.956733,1497.13,779.705,0.914256,1505.41,825.53,0.904271,1505.59,875.248,0.972215,1472.01,875.24,0.951687,1443.45,875.197,0.903041,1443.26,937.393,0.871837,1443.4,974.782,0.837493,1480.51,875.286,0.945545,1480.5,945.593,0.931722,1472.31,1016.12,0.934838,1471.99,742.721,0.809094,1476.3,742.695,0.789676,1455.62,742.777,0.759328,1476.57,742.7,0.39975,1472.02,1036.86,0.811497,1476.37,1036.97,0.845225,1472.24,1020.29,0.810922,1443.17,999.585,0.798743,1438.93,987.231,0.797866,1447.38,974.812,0.72813,195.00664565342382
P02_Med_Front_2,116,0,1472.34,746.786,0.734616,1472.02,779.814,0.972573,1439.0,779.843,1.00974,1422.43,825.558,0.847154,1434.91,875.197,0.973062,1501.2,779.792,0.926565,1509.34,829.669,0.899759,1509.43,875.289,0.950346,1472.02,875.391,0.963113,1443.44,875.335,0.914447,1443.28,941.394,0.883073,1443.39,978.727,0.848399,1480.55,879.202,0.949643,1480.52,945.745,0.931659,1472.39,1016.23,0.938646,1472.05,742.709,0.711464,1476.34,742.714,0.691592,1459.76,742.77,0.707463,1476.56,742.709,0.479938,1472.11,1036.96,0.835687,1476.42,1040.88,0.871294,1472.32,1020.44,0.813476,1443.2,1003.77,0.843289,1438.95,995.458,0.809505,1447.39,978.782,0.72645,198.93244470422619
P02_Med_Front_2,117,0,1472.33,746.785,0.754756,1472.11,779.808,0.987302,1439.05,779.847,1.01188,1430.67,829.665,0.851989,1434.87,875.41,0.985137,1505.18,779.787,0.94182,1509.51,833.784,0.905488,1509.54,879.378,0.959372,1472.03,879.299,0.949519,1443.42,879.259,0.920912,1443.34,941.551,0.900772,1443.45,978.924,0.84273,1480.63,879.349,0.925191,1480.54,945.789,0.924879,1472.4,1020.3,0.920267,1472.03,742.691,0.716372,1476.36,742.703,0.729018,1459.8,742.75,0.672832,1480.48,742.708,0.550824,1472.11,1040.94,0.821005,1476.4,1041.03,0.866721,1472.32,1028.58,0.80941,1443.25,1007.72,0.839553,1439.03,999.6,0.814638,1447.43,979.0,0.704971,199.12561846482737
P02_Med_Front_2,118,0,1472.23,746.664,0.851531,1472.12,779.804,0.996228,1439.03,779.826,1.01438,1430.69,833.701,0.858347,1430.79,879.199,0.968675,1505.2,779.783,0.948695,1509.58,829.7,0.896199,1509.7,879.228,0.969254,1472.08,879.378,0.954054,1443.44,879.316,0.928807,1443.28,941.732,0.900208,1443.44,979.051,0.856214,1484.63,879.428,0.913696,1480.67,949.934,0.875609,1476.16,1020.44,0.912291,1468.08,742.55,0.79771,1476.29,742.559,0.846829,1455.61,742.632,0.672744,1480.5,742.613,0.649856,1472.06,1040.98,0.825711,1476.35,1041.09,0.880695,1472.38,1028.7,0.80522,1443.23,1007.91,0.860052,1439.01,1003.74,0.829664,1447.44,982.984,0.724742,199.27380340877727
P02_Med_Front_2,119,0,1472.32,746.7,0.765025,1472.16,779.779,0.989691,1439.08,779.815,1.00341,1430.71,833.699,0.848294,1430.69,875.419,0.959431,1505.24,779.776,0.936405,1509.63,833.758,0.896687,1509.73,879.351,0.970697,1472.1,879.363,0.954534,1447.29,879.292,0.914103,1443.25,941.696,0.904983,1447.32,979.09,0.847316,1484.64,879.422,0.904681,1480.64,949.907,0.879253,1472.39,1020.42,0.910152,1472.03,742.59,0.723366,1476.35,742.618,0.732433,1459.86,742.664,0.657994,1480.44,742.649,0.571424,1472.06,1040.95,0.78574,1476.32,1041.07,0.852115,1472.33,1028.69,0.781796,1443.36,1008.07,0.840206,1439.11,1007.74,0.828616,1447.48,982.966,0.702245,199.44528880121482
P02_Med_Front_2,120,0,1472.31,746.665,0.718451,1472.19,779.702,0.987096,1439.08,779.762,1.00282,1434.74,833.709,0.857294,1430.72,875.427,0.949059,1505.29,779.697,0.942038,1509.73,833.718,0.88868,1509.79,879.311,0.968649,1472.17,879.251,0.964936,1447.38,875.437,0.902841,1443.29,941.753,0.940373,1443.33,1003.64,0.864998,1484.76,879.317,0.895972,1480.64,949.809,0.886626,1472.36,1020.31,0.928983,1472.03,742.562,0.680013,1476.32,742.586,0.676235,1463.84,742.63,0.643858,1476.54,742.595,0.560251,1472.09,1040.94,0.791421,1476.35,1041.01,0.861953,1472.23,1028.65,0.794429,1443.36,1016.2,0.860316,1439.08,1012.19,0.854207,1447.28,1003.81,0.735833,223.91833641754312
P02_Med_Front_2,121,0,1476.21,746.764,0.573695,1472.17,779.728,0.976813,1439.12,779.779,0.985331,1430.81,829.678,0.853223,1422.46,875.313,0.951363,1505.25,779.703,0.916155,1509.62,829.7,0.883249,1513.63,879.286,0.949139,1472.18,879.286,0.95754,1447.38,879.238,0.903256,1447.28,945.545,0.936903,1447.28,1007.73,0.871435,1484.77,879.357,0.890972,1480.58,945.87,0.90921,1472.32,1016.15,0.959704,1472.19,742.652,0.562938,1476.46,742.689,0.519038,1467.95,742.646,0.644398,1476.48,742.602,0.45288,1472.19,1040.88,0.804314,1476.43,1040.88,0.824695,1472.18,1024.42,0.769216,1447.48,1020.33,0.829073,1443.14,1020.3,0.830108,1447.37,1007.95,0.753243,228.0970056817932
P02_Med_Front_2,122,0,1476.22,746.774,0.646593,1472.28,779.782,0.985886,1439.18,779.796,0.993473,1434.78,829.692,0.862002,1418.39,875.384,0.957867,1505.38,779.821,0.936651,1509.8,837.812,0.897754,1513.7,879.478,0.935669,1472.16,879.429,0.94411,1447.33,879.385,0.909407,1443.43,945.897,0.946678,1447.36,1016.12,0.906756,1488.76,879.519,0.879144,1480.54,949.885,0.895972,1472.32,1016.16,0.950832,1472.19,742.659,0.619592,1476.5,742.7,0.603151,1464.01,742.661,0.639967,1480.48,742.647,0.495346,1472.24,1040.9,0.829957,1476.44,1040.83,0.828398,1472.16,1020.41,0.720051,1451.57,1036.89,0.830718,1443.35,1036.91,0.814734,1447.46,1020.43,0.77024,236.46552682367883
P02_Med_Front_2,123,0,1472.38,746.656,0.745974,1472.29,779.899,1.00349,1439.12,779.897,1.01259,1434.76,833.756,0.867262,1418.35,875.355,0.974723,1505.5,779.892,0.961255,1513.72,837.777,0.880606,1513.78,879.469,0.927332,1472.2,879.536,0.943277,1447.3,879.492,0.918958,1447.28,949.923,0.917144,1447.43,1016.36,0.877827,1488.89,879.626,0.870599,1480.67,954.023,0.862388,1472.18,1016.21,0.929761,1472.05,742.539,0.702234,1476.41,742.547,0.728307,1463.85,742.624,0.63433,1480.62,742.58,0.587897,1472.16,1041.22,0.751237,1476.55,1041.08,0.773351,1471.98,1020.37,0.642818,1463.92,1041.22,0.865894,1447.29,1041.23,0.853397,1447.5,1032.68,0.745956,236.60897377107233
P02_Med_Front_2,124,0,1476.25,750.835,0.80511,1472.37,783.963,0.971645,1439.17,780.116,0.986919,1434.76,837.82,0.882492,1418.36,875.374,0.971379,1505.59,784.006,0.950943,1513.75,837.998,0.897547,1513.82,879.492,0.931874,1472.24,883.545,0.925198,1447.31,883.496,0.903726,1443.4,958.157,0.898587,1447.49,1036.89,0.880806,1492.96,883.644,0.862335,1480.64,962.227,0.863838,1472.22,1020.4,0.905224,1472.18,746.648,0.817552,1476.59,746.636,0.803995,1459.85,746.688,0.718295,1488.78,746.662,0.555958,1472.11,1045.4,0.743692,1476.51,1045.16,0.787549,1472.06,1028.57,0.691388,1459.79,1053.58,0.796185,1443.38,1053.53,0.81059,1451.53,1041.06,0.767698,256.9087571025948
P02_Med_Front_2,125,0,1476.37,754.949,0.619296,1472.43,784.122,0.947677,1442.99,784.117,0.955455,1430.81,841.958,0.916453,1414.37,879.394,0.951255,1509.36,784.138,0.935143,1517.75,841.922,0.902143,1517.8,879.513,0.92963,1472.29,883.683,0.911267,1447.34,883.655,0.886777,1447.27,966.381,0.892762,1451.44,1045.15,0.898536,1497.02,887.638,0.850112,1484.65,966.454,0.87208,1472.12,1028.63,0.899043,1472.31,746.831,0.636198,1480.49,746.87,0.610211,1467.93,746.844,0.663487,1488.83,746.859,0.505487,1472.13,1057.72,0.718524,1476.55,1049.44,0.749962,1468.16,1032.79,0.67356,1463.95,1074.05,0.836393,1447.29,1070.16,0.835577,1451.61,1049.35,0.728229,261.16973329426986
P02_Med_Front_2,126,0,1476.29,771.469,0.630826,1472.34,796.406,0.918263,1439.19,792.385,0.920635,1426.61,846.069,0.931467,1414.29,883.6,0.908992,1505.54,796.42,0.909716,1513.83,842.227,0.924709,1513.86,883.592,0.904483,1472.27,900.035,0.890808,1447.34,900.01,0.859835,1447.38,974.725,0.916144,1447.49,1045.39,0.869689,1493.01,900.092,0.836121,1480.69,974.656,0.883587,1472.15,1032.77,0.873802,1472.25,759.099,0.611868,1476.59,759.109,0.5841,1463.97,751.055,0.597711,1484.73,755.017,0.472331,1472.35,1057.73,0.715394,1480.53,1049.39,0.734175,1468.15,1036.82,0.635999,1463.99,1074.17,0.825881,1447.3,1074.17,0.835257,1451.54,1053.49,0.718976,253.1411069443287
P02_Med_Front_2,127,0,1476.29,771.589,0.472538,1472.33,804.723,0.947017,1439.18,804.709,0.941547,1426.6,846.409,0.89737,1414.28,896.033,0.882938,1505.57,804.718,0.932799,1513.83,846.317,0.902785,1513.85,887.733,0.866749,1472.18,908.386,0.946943,1447.26,908.351,0.912252,1451.46,979.073,0.912252,1451.45,1053.6,0.834063,1492.88,908.444,0.882685,1484.78,979.101,0.877801,1468.09,1032.85,0.862027,1472.29,763.271,0.442422,1476.52,763.253,0.43749,1468.05,759.162,0.490777,1480.56,759.217,0.44971,1472.33,1061.78,0.707871,1480.46,1049.39,0.720713,1463.93,1036.86,0.603586,1468.04,1078.29,0.869927,1447.47,1078.3,0.837198,1451.56,1065.96,0.751028,249.19326391578082
P02_Med_Front_2,128,0,1476.37,775.554,0.636727,1472.4,808.72,0.977497,1439.25,808.715,0.960762,1426.55,850.299,0.870941,1414.17,900.109,0.896309,1509.36,808.775,0.964578,1517.88,850.39,0.859318,1517.85,900.052,0.857429,1472.28,908.503,0.953882,1447.39,908.471,0.908519,1459.84,983.087,0.867533,1463.91,1070.13,0.84527,1497.02,908.549,0.885886,1492.91,983.003,0.865367,1472.08,1032.81,0.852648,1472.31,767.385,0.600822,1476.63,763.383,0.578737,1467.97,763.337,0.604979,1484.63,767.354,0.468484,1476.48,1061.76,0.615639,1488.83,1045.41,0.623932,1468.0,1036.96,0.593392,1472.18,1082.63,0.859978,1455.65,1082.63,0.788869,1463.95,1074.26,0.811194,262.5755468907949
P02_Med_Front_2,129,0,1472.34,775.909,0.465265,1472.39,808.821,0.9895,1439.18,808.797,0.972112,1426.55,850.502,0.848234,1414.18,908.169,0.940072,1509.42,808.858,0.971121,1521.9,850.529,0.840026,1522.0,904.257,0.868864,1472.33,912.393,0.951239,1447.42,908.583,0.902639,1463.89,987.169,0.843675,1467.98,1078.28,0.872102,1497.1,912.474,0.887038,1492.98,983.091,0.849113,1468.14,1032.8,0.839579,1472.1,775.557,0.420409,1476.39,775.611,0.439734,1472.02,767.494,0.42756,1480.48,771.608,0.542517,1476.43,1061.8,0.56817,1488.76,1049.29,0.57288,1463.93,1036.93,0.573574,1472.27,1099.15,0.875353,1455.71,1099.13,0.796745,1467.99,1078.57,0.805845,271.0175774539356
P02_Med_Front_2,130,0,1472.41,779.839,0.508424,1472.39,808.907,0.997314,1439.18,808.95,0.984877,1426.67,854.617,0.830188,1414.2,908.407,0.973594,1509.38,808.869,0.973146,1517.93,854.487,0.841904,1521.98,908.208,0.887678,1472.37,912.604,0.943122,1447.41,912.567,0.902092,1459.74,995.439,0.834437,1467.99,1078.56,0.881229,1501.13,912.664,0.893935,1492.9,987.284,0.80836,1472.05,1036.93,0.856991,1472.15,775.712,0.479274,1476.45,775.761,0.47405,1468.02,775.539,0.489569,1476.61,775.582,0.507151,1476.43,1061.86,0.534672,1488.78,1049.37,0.530991,1467.99,1036.98,0.586722,1472.27,1103.33,0.925394,1459.71,1103.3,0.839431,1468.03,1086.7,0.820922,271.14492102932695
P02_Med_Front_2,131,0,1472.14,775.855,0.518938,1472.34,808.906,0.986764,1439.15,808.93,0.977088,1422.55,862.733,0.825688,1414.21,908.577,0.981173,1509.34,808.88,0.966522,1517.88,858.661,0.834901,1526.13,908.454,0.907076,1476.17,912.717,0.93606,1447.45,912.659,0.893028,1459.75,999.512,0.837916,1468.05,1082.48,0.896194,1501.22,912.77,0.896237,1488.89,995.446,0.792325,1472.2,1041.06,0.830298,1468.08,771.679,0.452581,1476.2,775.534,0.500091,1467.94,771.489,0.428453,1476.53,771.632,0.59547,1476.36,1070.09,0.477678,1484.74,1057.7,0.460201,1472.05,1041.07,0.561818,1472.36,1107.23,0.935548,1459.82,1107.22,0.850075,1468.05,1090.78,0.80487,275.0723768392603
P02_Med_Front_2,132,0,1472.17,779.711,0.667185,1472.33,808.928,0.994985,1439.09,809.016,0.987871,1418.44,870.985,0.858628,1414.24,912.664,0.954264,1509.38,808.904,0.976015,1521.91,862.796,0.838965,1530.2,912.461,0.912188,1476.2,916.624,0.931706,1447.46,912.765,0.886909,1455.61,999.594,0.846944,1467.97,1078.54,0.891127,1501.25,916.666,0.89546,1501.17,991.257,0.798317,1476.35,1036.95,0.851622,1468.0,775.574,0.591348,1476.22,775.601,0.645776,1459.79,771.608,0.487916,1480.48,775.5,0.621794,1480.58,1065.95,0.493413,1497.01,1053.47,0.50812,1472.36,1036.96,0.65573,1472.24,1107.19,0.962703,1455.71,1103.32,0.865227,1468.06,1086.63,0.807787,271.0668570223959
P02_Med_Front_2,133,0,1472.36,775.829,0.541839,1472.33,808.988,0.996485,1439.03,809.084,0.982348,1422.41,871.08,0.86174,1418.27,912.778,0.915187,1509.4,808.939,0.969487,1517.8,866.922,0.853785,1530.17,912.709,0.907669,1476.16,916.775,0.922572,1447.41,916.764,0.878444,1451.52,1003.73,0.878423,1467.92,1078.55,0.875481,1501.22,916.793,0.884668,1501.3,995.535,0.825677,1472.41,1041.02,0.866988,1472.08,771.622,0.496862,1476.39,771.621,0.502121,1463.94,771.573,0.542011,1480.49,771.611,0.510171,1480.47,1070.1,0.4781,1492.89,1061.73,0.481103,1472.25,1041.01,0.651495,1472.36,1107.26,0.980917,1459.74,1107.24,0.887205,1468.02,1086.65,0.775157,271.0102530458949
P02_Med_Front_2,134,0,1476.19,775.717,0.621178,1472.37,808.971,1.00026,1439.04,809.088,0.98582,1426.65,871.132,0.85908,1422.56,916.739,0.874241,1509.45,808.933,0.972549,1517.87,870.968,0.861309,1530.19,916.675,0.890415,1476.2,920.858,0.905574,1447.46,920.862,0.854098,1451.43,1007.88,0.911674,1467.97,1082.54,0.886278,1501.25,920.867,0.870743,1501.31,999.658,0.834796,1476.5,1041.15,0.857977,1472.09,771.468,0.564601,1476.46,767.534,0.574409,1463.83,771.454,0.569984,1480.63,771.443,0.500644,1484.64,1074.2,0.543792,1497.12,1065.96,0.566101,1476.3,1041.07,0.671374,1472.29,1107.31,0.986449,1459.77,1107.25,0.881578,1468.15,1090.75,0.783576,274.97807404227706
P02_Med_Front_2,135,0,1476.32,775.598,0.484084,1472.4,808.964,0.986146,1439.07,809.042,0.972521,1430.73,871.091,0.862013,1430.74,916.777,0.892493,1509.51,808.914,0.96511,1521.92,871.098,0.867744,1530.25,920.813,0.865151,1476.26,920.939,0.893716,1451.44,920.932,0.834817,1451.46,1007.96,0.906288,1467.99,1086.72,0.863937,1501.32,924.926,0.860977,1501.29,1007.73,0.834724,1484.6,1045.35,0.806292,1472.25,767.452,0.460587,1476.53,767.368,0.432885,1468.02,767.522,0.558846,1480.54,767.49,0.430647,1488.83,1078.53,0.557813,1501.32,1074.24,0.629503,1476.58,1045.31,0.663573,1472.35,1111.44,0.942765,1459.81,1107.58,0.841305,1472.03,1094.97,0.785216,279.179938541436
P02_Med_Front_2,136,0,1476.31,775.692,0.697877,1472.42,808.998,0.995198,1439.09,809.038,0.987435,1430.82,871.158,0.883028,1434.78,920.893,0.89057,1509.52,808.971,0.975019,1513.85,871.114,0.894147,1530.19,916.787,0.876489,1476.22,920.823,0.90248,1447.5,920.838,0.841627,1451.46,1007.88,0.894353,1468.08,1082.47,0.897434,1501.28,920.809,0.877367,1501.31,1003.81,0.84083,1484.67,1049.3,0.822622,1472.21,771.433,0.64353,1476.6,767.483,0.642912,1463.89,771.513,0.606076,1488.78,771.473,0.509078,1488.76,1082.63,0.580399,1501.31,1078.32,0.652312,1476.63,1045.35,0.682419,1472.38,1107.34,0.992889,1463.87,1107.27,0.895556,1472.07,1086.7,0.769859,274.96450448012376
P02_Med_Front_2,137,0,1476.59,775.787,0.641332,1472.4,809.028,0.998598,1439.03,812.896,0.983471,1430.79,875.105,0.899749,1434.88,920.918,0.893643,1509.5,808.908,0.968292,1517.84,871.029,0.869765,1534.25,916.719,0.887769,1476.26,920.804,0.89989,1447.53,920.832,0.836055,1451.57,1007.9,0.88759,1467.93,1082.59,0.872914,1505.16,920.775,0.882234,1505.15,1003.83,0.864055,1484.7,1070.08,0.808379,1472.41,771.566,0.634175,1484.61,771.508,0.551638,1463.97,771.647,0.667644,1488.77,771.521,0.339673,1488.76,1099.11,0.654471,1505.26,1086.69,0.689495,1480.55,1070.15,0.626716,1472.37,1107.41,0.927189,1463.84,1107.38,0.8433,1468.11,1090.81,0.743587,271.2380202626468
P02_Med_Front_2,138,0,1480.52,775.738,0.801269,1476.18,809.09,1.01291,1439.0,812.964,0.997461,1430.79,875.143,0.913623,1438.82,920.952,0.913844,1509.58,808.983,0.988458,1517.85,874.996,0.89221,1534.24,920.82,0.874594,1476.3,925.066,0.882382,1451.49,929.086,0.825009,1459.72,1007.97,0.903908,1468.02,1082.55,0.890806,1505.2,925.009,0.870856,1505.18,1007.86,0.919989,1488.79,1078.53,0.842347,1476.23,771.519,0.813891,1484.75,767.497,0.712153,1459.86,775.502,0.768551,1497.01,767.488,0.306342,1488.85,1107.57,0.7251,1505.43,1107.34,0.783131,1484.66,1082.58,0.609264,1476.3,1107.54,0.906744,1463.88,1107.5,0.826846,1468.07,1094.93,0.72392,271.14345243062746
P02_Med_Front_2,139,0,1480.47,775.837,0.823439,1476.33,813.163,0.991301,1439.12,813.156,0.992218,1430.71,875.268,0.932284,1438.86,920.955,0.918609,1513.63,813.111,0.959074,1521.93,875.309,0.916854,1530.3,929.136,0.861852,1476.28,937.507,0.922581,1451.52,937.504,0.860128,1455.72,1012.25,0.876882,1468.05,1082.65,0.859625,1505.15,937.507,0.902898,1505.19,1020.28,0.892269,1497.04,1103.14,0.833773,1476.2,771.627,0.814104,1484.73,771.588,0.763986,1463.95,775.646,0.746627,1501.12,775.505,0.539824,1492.94,1128.06,0.810105,1505.47,1119.9,0.87937,1488.88,1107.23,0.704483,1472.14,1111.58,0.774291,1455.63,1111.42,0.714231,1472.03,1094.94,0.73859,271.0423600399024
P02_Med_Front_2,140,0,1480.49,779.99,0.839418,1476.32,817.243,0.95611,1439.11,817.304,0.950216,1426.69,879.375,0.916475,1439.05,933.193,0.935204,1513.64,817.145,0.931028,1526.06,879.297,0.905446,1534.33,937.378,0.890965,1476.36,941.592,0.940774,1451.58,941.562,0.880117,1451.48,1016.35,0.866507,1468.12,1086.77,0.846543,1505.25,941.63,0.938648,1505.22,1024.55,0.878578,1501.24,1111.59,0.89768,1476.24,775.797,0.863317,1488.79,775.775,0.816332,1467.91,775.914,0.784193,1501.15,775.794,0.510697,1488.74,1140.48,0.87028,1505.38,1140.45,0.925673,1501.12,1115.74,0.779274,1468.1,1111.65,0.765269,1451.53,1111.43,0.733471,1472.18,1099.03,0.768072,271.0230714459564
P02_Med_Front_2,141,0,1480.46,784.161,0.809441,1476.35,825.512,0.91073,1439.12,825.54,0.909565,1426.56,883.505,0.880872,1439.23,933.287,0.94186,1513.67,825.425,0.887521,1526.11,879.533,0.882163,1534.45,937.367,0.896523,1476.33,945.619,0.941061,1451.52,945.568,0.879374,1451.51,1024.43,0.838278,1468.09,1090.76,0.836008,1505.22,945.66,0.945157,1505.11,1036.93,0.881278,1505.19,1132.2,0.865386,1476.22,779.85,0.856627,1488.82,779.851,0.823058,1467.95,779.904,0.765491,1505.17,779.877,0.640175,1492.94,1148.83,0.783098,1505.59,1144.87,0.861031,1501.26,1136.45,0.787704,1472.01,1115.79,0.764311,1451.48,1111.59,0.733836,1472.11,1099.01,0.742193,266.7975061727527
P02_Med_Front_2,142,0,1480.61,792.388,0.793697,1476.34,837.851,0.931833,1439.2,837.885,0.946311,1426.65,891.757,0.840764,1443.05,941.335,0.980969,1509.75,837.868,0.917443,1526.08,887.65,0.83848,1534.44,941.62,0.931049,1476.34,945.92,0.916486,1451.52,945.874,0.867795,1451.6,1032.8,0.821428,1468.11,1086.68,0.842787,1505.26,949.809,0.929396,1505.19,1045.06,0.913833,1505.31,1140.45,0.911632,1476.35,783.955,0.855184,1492.94,783.985,0.804498,1468.06,784.022,0.796319,1501.32,784.012,0.548804,1497.06,1157.2,0.738845,1509.45,1153.08,0.782784,1505.25,1144.6,0.787237,1468.12,1115.63,0.768919,1451.44,1107.54,0.750612,1472.11,1090.88,0.749084,250.46904025248315
P02_Med_Front_2,143,0,1480.64,804.715,0.765593,1476.57,841.965,0.94201,1443.11,841.963,0.974827,1426.69,904.107,0.859612,1443.09,941.632,1.01283,1513.84,842.006,0.922505,1534.24,900.082,0.838796,1538.35,945.727,0.926056,1476.43,949.981,0.896515,1451.61,949.958,0.845885,1455.58,1032.77,0.823284,1468.13,1082.63,0.86513,1505.36,950.017,0.916265,1505.31,1045.1,0.935743,1505.27,1140.57,0.906097,1476.37,788.288,0.768372,1492.94,792.287,0.722492,1472.09,788.272,0.713955,1501.31,792.272,0.596971,1492.93,1161.25,0.726753,1509.37,1161.22,0.773724,1505.2,1144.73,0.782992,1468.05,1111.54,0.792114,1447.51,1107.26,0.774876,1472.14,1086.73,0.765981,241.9640578453752
P02_Med_Front_2,144,0,1484.71,808.683,0.792684,1480.45,842.139,0.955303,1443.14,842.115,0.994167,1430.7,904.307,0.890461,1443.01,945.601,1.01439,1517.91,842.224,0.921599,1534.36,904.337,0.884798,1534.47,954.018,0.851229,1476.5,958.185,0.86909,1455.61,958.181,0.828547,1455.63,1040.99,0.84224,1472.05,1082.54,0.86886,1505.45,958.206,0.901496,1505.36,1049.29,0.920962,1501.28,1144.81,0.876214,1476.48,796.479,0.800052,1497.07,796.472,0.76162,1472.03,800.534,0.753238,1505.25,796.492,0.514977,1492.86,1169.62,0.73856,1505.56,1173.52,0.807351,1501.09,1153.05,0.717554,1468.15,1111.58,0.787979,1451.44,1107.32,0.785602,1472.27,1082.62,0.766129,242.156909306755
P02_Med_Front_2,145,0,1492.99,809.045,0.6945,1480.52,846.105,0.953747,1443.19,846.127,0.994562,1434.86,908.347,0.966527,1443.1,945.946,0.984326,1522.02,846.114,0.913685,1534.48,908.341,0.927241,1538.37,962.342,0.872831,1476.58,962.358,0.866225,1459.77,962.36,0.826762,1455.62,1040.9,0.843753,1472.05,1086.62,0.846798,1505.49,962.373,0.901954,1505.47,1049.29,0.935585,1501.18,1148.91,0.844644,1480.51,808.667,0.68983,1501.15,804.765,0.649734,1472.24,804.811,0.783423,1505.24,800.69,0.37857,1488.87,1173.81,0.765729,1505.55,1173.85,0.821634,1492.99,1161.28,0.734854,1472.1,1115.62,0.766264,1455.64,1107.51,0.751743,1472.27,1090.77,0.743728,242.21846058671903
P02_Med_Front_2,146,0,1492.93,809.081,0.72964,1480.55,846.196,0.943089,1443.15,846.149,0.999041,1434.88,908.439,0.981043,1439.19,953.955,0.956132,1526.2,846.232,0.915595,1538.35,908.48,0.948879,1538.42,970.493,0.904762,1476.62,970.457,0.880054,1459.8,966.514,0.840985,1455.73,1036.95,0.822093,1472.05,1082.68,0.855473,1505.53,970.503,0.922402,1505.56,1049.49,0.913696,1501.17,1165.43,0.839277,1480.53,808.682,0.709536,1501.18,804.852,0.697086,1472.25,808.697,0.769312,1505.41,804.805,0.484977,1492.98,1181.99,0.71817,1509.39,1182.02,0.760723,1492.95,1173.55,0.739451,1472.21,1111.57,0.830652,1459.83,1107.51,0.797483,1472.26,1090.75,0.763323,238.28999970833863
P02_Med_Front_2,147,0,1501.23,812.883,0.773641,1480.64,846.315,0.930599,1443.21,846.245,0.978227,1438.79,908.576,0.984256,1439.11,966.366,0.930904,1530.3,846.303,0.921848,1538.4,908.589,0.955691,1538.6,974.562,0.941258,1480.61,974.782,0.900866,1463.85,974.768,0.877889,1455.7,1045.21,0.831735,1471.97,1090.83,0.801177,1509.47,974.797,0.970217,1509.61,1065.86,0.900859,1501.14,1169.53,0.871808,1484.76,808.711,0.719479,1505.27,804.84,0.702405,1472.3,808.74,0.81938,1509.4,804.728,0.302691,1492.91,1186.21,0.730497,1505.54,1186.24,0.77654,1488.86,1173.66,0.771597,1472.08,1123.96,0.719281,1455.61,1115.66,0.710438,1472.21,1090.85,0.677101,246.27009527143153
P02_Med_Front_2,148,0,1501.22,812.904,0.724687,1484.61,846.297,0.92514,1443.24,846.268,0.979051,1434.98,912.456,0.969429,1438.95,970.595,0.944426,1534.31,846.274,0.930734,1538.63,912.499,0.978719,1542.52,974.771,0.953063,1480.64,978.786,0.894922,1459.83,978.75,0.870421,1459.8,1049.35,0.81968,1472.02,1086.76,0.811148,1509.55,978.773,0.968507,1509.59,1069.95,0.909711,1501.23,1169.45,0.881558,1484.74,808.735,0.669364,1505.27,804.853,0.659664,1472.34,808.726,0.780982,1509.38,804.713,0.350885,1493.0,1190.29,0.757057,1509.39,1190.28,0.808541,1492.99,1173.62,0.78061,1472.07,1123.92,0.76395,1455.57,1111.67,0.754814,1472.22,1090.73,0.694206,242.207948804328
P02_Med_Front_2,149,0,1501.23,812.928,0.773579,1484.62,846.368,0.915362,1443.18,846.27,0.980522,1434.91,912.561,0.95445,1438.87,974.71,0.975502,1534.38,846.409,0.922228,1542.59,912.675,0.947493,1542.74,978.735,0.952725,1484.61,978.971,0.876214,1459.85,978.946,0.867747,1459.8,1049.46,0.808671,1471.98,1086.74,0.8154,1509.66,978.944,0.946687,1509.61,1074.15,0.932324,1501.19,1169.61,0.899637,1484.73,808.734,0.723662,1505.31,808.665,0.719437,1472.3,808.723,0.803988,1509.46,804.712,0.335077,1497.03,1190.38,0.751304,1509.41,1190.35,0.810254,1492.92,1173.75,0.787914,1472.03,1128.05,0.799618,1451.48,1115.64,0.792022,1472.21,1086.67,0.71633,242.1884821786536
P02_Med_Front_2,150,0,1501.09,809.047,0.822668,1484.63,846.377,0.913863,1443.16,846.291,0.97935,1438.88,912.647,0.971094,1435.0,974.727,0.967944,1534.43,846.428,0.924451,1542.52,912.721,0.936435,1542.84,978.786,0.950579,1484.72,978.986,0.866316,1463.93,978.959,0.874131,1463.83,1061.8,0.818353,1468.15,1103.26,0.812894,1509.72,978.978,0.929703,1509.55,1074.22,0.959448,1501.23,1173.51,0.897937,1480.65,804.77,0.797795,1505.25,804.705,0.797617,1472.17,804.788,0.839419,1509.5,800.656,0.435294,1492.89,1190.3,0.7274,1505.53,1194.38,0.794171,1497.0,1173.81,0.785958,1472.01,1140.44,0.841519,1447.5,1132.19,0.780142,1472.15,1099.15,0.66283,258.18126783521683
P02_Med_Front_2,151,0,1497.13,809.098,0.781983,1484.63,846.413,0.906117,1443.14,846.323,0.976355,1438.85,912.718,0.952386,1434.9,974.835,0.964517,1534.47,846.45,0.917794,1542.58,912.78,0.924754,1542.86,978.961,0.95888,1484.7,979.074,0.849061,1463.9,979.086,0.848577,1467.95,1070.01,0.83057,1472.22,1136.27,0.829286,1509.73,979.036,0.913301,1509.58,1074.33,0.954259,1501.15,1169.47,0.882265,1480.63,804.823,0.758812,1505.23,804.821,0.767195,1472.22,804.771,0.777831,1509.47,804.678,0.471467,1497.07,1186.17,0.792252,1505.58,1182.15,0.876037,1492.97,1173.64,0.776024,1476.19,1161.29,0.706046,1459.8,1153.05,0.656999,1472.34,1136.48,0.650996,291.4016286999783
P02_Med_Front_2,152,0,1497.06,812.942,0.61552,1484.66,846.447,0.902063,1443.17,846.361,0.972918,1438.84,912.706,0.954378,1430.82,974.627,0.930082,1534.47,850.342,0.910463,1542.72,916.648,0.91592,1542.88,979.112,0.937711,1484.72,979.036,0.851495,1463.93,979.017,0.855247,1463.96,1066.0,0.832783,1472.09,1140.51,0.872993,1509.72,979.03,0.917571,1509.51,1074.33,0.956744,1501.2,1169.49,0.892514,1480.59,808.752,0.589503,1501.29,808.721,0.599742,1472.31,808.671,0.656114,1505.57,804.807,0.489281,1497.05,1190.27,0.80662,1509.36,1186.24,0.885851,1492.97,1173.65,0.777689,1472.2,1169.64,0.789837,1451.61,1165.41,0.708621,1472.21,1140.69,0.714254,295.56725224726773
P02_Med_Front_2,153,0,1488.86,812.933,0.801655,1484.75,850.368,0.886145,1443.23,846.404,0.954307,1438.8,912.631,0.95722,1422.53,974.638,0.929019,1538.32,850.471,0.907063,1542.9,920.79,0.891473,1546.81,983.152,0.915645,1488.75,982.983,0.837448,1463.98,979.093,0.853146,1463.93,1070.13,0.859021,1468.14,1144.82,0.854949,1509.79,983.02,0.891473,1509.45,1078.26,0.958735,1501.19,1169.49,0.887926,1480.44,808.756,0.811144,1501.18,808.726,0.804698,1472.16,808.798,0.735029,1509.37,808.746,0.673309,1488.79,1190.26,0.813448,1505.43,1190.27,0.901562,1497.08,1173.71,0.761483,1472.08,1177.84,0.850568,1447.49,1173.83,0.806279,1472.12,1153.0,0.6556,299.4538648206097
P02_Med_Front_2,154,0,1484.78,813.006,0.724323,1484.67,850.467,0.882346,1443.22,850.382,0.936065,1434.94,916.712,0.923525,1418.31,974.872,0.948468,1534.47,850.493,0.902876,1542.84,924.975,0.887525,1546.8,991.269,0.896568,1484.73,983.194,0.820568,1463.87,983.141,0.828726,1463.9,1074.4,0.874911,1471.97,1173.59,0.861697,1513.6,987.108,0.865833,1509.51,1078.53,0.943213,1501.12,1169.59,0.886583,1476.54,808.838,0.737389,1497.17,808.787,0.734262,1472.17,808.837,0.667807,1505.52,808.787,0.663815,1497.08,1198.64,0.810763,1505.57,1194.51,0.866814,1493.0,1173.74,0.69836,1472.24,1202.61,0.828537,1455.69,1198.61,0.75849,1472.09,1177.76,0.731848,324.48416565989777
P02_Med_Front_2,155,0,1488.79,813.17,0.750494,1488.78,858.672,0.850568,1443.3,854.571,0.903846,1434.88,916.795,0.893452,1414.28,974.87,0.964547,1538.39,862.73,0.892314,1542.84,933.208,0.884581,1546.78,999.547,0.904749,1488.77,995.406,0.806208,1463.97,991.335,0.81892,1463.87,1082.48,0.852473,1471.96,1182.12,0.853911,1513.69,995.48,0.850474,1509.47,1086.66,0.908706,1497.09,1169.58,0.856609,1476.6,808.985,0.784268,1501.13,808.935,0.777618,1472.16,808.999,0.702017,1505.54,808.966,0.661811,1501.31,1198.54,0.802935,1509.47,1190.24,0.824895,1488.77,1173.69,0.647055,1472.24,1211.08,0.874193,1455.59,1210.99,0.806132,1472.2,1194.5,0.748278,328.8004607676211
P02_Med_Front_2,156,0,1484.66,821.41,0.67945,1484.6,871.075,0.878652,1443.16,870.99,0.930991,1434.75,933.225,0.840926,1414.22,978.857,0.945961,1534.47,871.158,0.908908,1542.84,937.449,0.917777,1542.93,1003.64,0.922653,1484.72,1003.77,0.841833,1463.91,1003.71,0.836997,1467.96,1103.1,0.848043,1472.15,1206.94,0.884234,1509.78,1007.67,0.893057,1509.48,1099.08,0.905602,1493.02,1169.53,0.841488,1476.52,813.166,0.731289,1497.13,813.18,0.729108,1472.19,813.232,0.618058,1505.45,813.238,0.698349,1505.28,1198.54,0.782965,1509.46,1186.18,0.821985,1484.68,1173.6,0.613868,1476.23,1235.86,0.815282,1459.85,1235.78,0.755027,1472.33,1211.08,0.769431,337.19849139638814
P02_Med_Front_2,157,0,1476.46,833.777,0.592235,1484.65,875.181,0.910674,1443.26,875.089,0.946644,1430.69,941.343,0.864219,1414.15,983.111,0.897394,1534.38,875.28,0.942828,1542.86,941.608,0.955092,1542.89,1003.84,0.935437,1484.62,1012.11,0.853069,1459.81,1012.04,0.846833,1467.91,1115.7,0.843024,1472.18,1223.56,0.860978,1509.69,1012.16,0.912705,1509.37,1107.55,0.910548,1488.8,1169.67,0.83708,1472.42,821.283,0.537539,1480.69,817.353,0.605338,1472.37,817.352,0.325801,1505.22,821.291,0.730656,1505.25,1194.5,0.698811,1505.54,1186.21,0.749418,1480.47,1173.66,0.628146,1476.39,1248.33,0.805276,1463.91,1244.42,0.772395,1472.33,1235.8,0.777345,349.6689923928056
P02_Med_Front_2,158,0,1476.4,841.918,0.890358,1484.6,879.341,0.925752,1443.17,879.219,1.0007,1426.61,941.521,0.894399,1410.28,991.287,0.898849,1534.4,879.454,0.931289,1542.92,945.807,0.937318,1546.77,1007.92,0.967162,1480.67,1016.34,0.831449,1455.72,1016.26,0.822994,1468.08,1119.83,0.851406,1472.19,1227.69,0.859367,1509.71,1016.35,0.877609,1509.4,1111.48,0.912675,1488.85,1173.52,0.833895,1472.27,829.676,0.842331,1480.7,833.723,0.832818,1467.98,829.602,0.262081,1505.48,833.791,0.845017,1505.35,1194.43,0.712772,1509.35,1182.17,0.758673,1480.51,1173.72,0.612395,1476.56,1248.45,0.779258,1468.02,1248.41,0.770221,1472.23,1235.86,0.781986,349.6772772729163
P02_Med_Front_2,159,0,1480.51,842.063,0.77775,1480.64,883.56,0.905462,1443.08,883.481,0.963194,1418.43,945.706,0.906884,1410.26,1003.73,0.929602,1534.39,883.587,0.90413,1542.92,950.025,0.893082,1542.94,1011.96,0.97041,1480.6,1028.61,0.829485,1455.65,1024.57,0.810712,1468.01,1132.24,0.845083,1472.39,1240.23,0.960303,1509.66,1028.65,0.87082,1509.38,1115.82,0.889919,1492.93,1169.66,0.840752,1476.2,837.791,0.737538,1488.84,833.847,0.731097,1468.09,837.958,0.605261,1505.35,837.826,0.731277,1505.5,1186.28,0.753305,1509.46,1182.0,0.812525,1480.66,1173.59,0.626356,1476.59,1269.07,0.824331,1468.06,1269.02,0.814261,1476.24,1244.33,0.798586,357.9510093588228
P02_Med_Front_2,160,0,1476.52,842.073,0.81928,1480.5,887.708,0.898593,1439.15,883.7,0.938233,1418.29,949.895,0.879835,1410.2,1007.99,0.987421,1534.32,891.771,0.867122,1542.89,962.263,0.893387,1542.82,1016.14,0.942707,1480.59,1032.82,0.839446,1455.61,1032.8,0.821761,1467.99,1136.49,0.861169,1476.22,1244.39,0.926944,1509.67,1036.77,0.878789,1509.48,1128.12,0.871463,1492.99,1173.6,0.855877,1472.33,837.821,0.7785,1484.67,837.767,0.774593,1467.91,841.948,0.647463,1505.24,837.993,0.785691,1505.58,1194.47,0.764067,1509.54,1186.14,0.803923,1484.68,1173.57,0.620884,1476.54,1277.36,0.818761,1463.96,1277.27,0.815605,1476.4,1252.58,0.770905,362.5899350506024
